classes,initialization,seed,uid,actual,predicted,probability,correct,title,body_excerpt
2,pretrained,42,体育/100080.txt,体育,体育,0.9971721768379211,True,现场：阿联助攻帮队友腾飞 奇才半场落后骑士8分,新浪体育讯 第二节，阿联篮下出手，球磕框而出。两队急于进攻随后各出现一次低级失误，骑士率先找到节奏，连续两次进攻得手。 奇才则采用大个球员提到上线接球策应的战术，与沃尔挡拆配合后，阿联接到传球，但
2,pretrained,42,体育/100169.txt,体育,体育,0.9982849359512329,True,现场：皇帝吃火锅头箍被打掉 斯隆不满吃技术犯规,第三节比赛开始，爵士终于有所起色，内线的杰弗森和米尔萨普率先发威，各自拿下两分，此后，德隆接管比赛，先是一记中投命中，然后助攻米尔萨普上篮得分。比赛进行到还剩8分47秒，詹姆斯投篮不中，波什抢下前场篮
2,pretrained,42,体育/100243.txt,体育,体育,0.9938054084777832,True,勒夫31分31板轰跑尼克斯 纳什发飙太阳主场灭国王,新浪体育讯 北京时间11月13日，森林狼大将凯文-勒夫发飙，砍下31分31个篮板，森林狼击败尼克斯，取得二连胜；小牛在主场击退76人；太阳在主场拿下国王。以下是这三场比赛的综述： 尼克斯103-森
2,pretrained,42,体育/100269.txt,体育,体育,0.9940688610076904,True,勒夫31篮板表现刺激阿联队友 麦基发微博誓言爆发,新浪体育讯 北京时间11月14日消息，据《华盛顿邮报》报道，奇才中锋贾维尔-麦基昨天的比赛里只抢到了两个篮板球，这已经是他本赛季第二次如此尴尬。而他现在也放言保证要加强篮板球。 比赛结束后，心情郁
2,pretrained,42,体育/100471.txt,体育,体育,0.997230052947998,True,现场：米勒挂彩激发火箭血性 状元打三分保住领先,新浪体育讯 北京时间11月20日消息，火箭今天继续客场之旅，在多伦多面对猛龙。火箭半场43比51落后对手。 下半场，主力悉数上阵。但是火箭仍旧在凭借罚球得分。不过斯科拉率先开火，上篮得手之后，马丁
2,pretrained,42,体育/100585.txt,体育,体育,0.9927493929862976,True,奇才悍将：让全明星赛一边去 我今晚真是打兴奋了,新浪体育讯 北京时间11月24日(华盛顿时间23日)华盛顿奇才队主场迎战费城76人。上一次遇到对手时，两队就打进了加时，今天更是将比赛的悬念延展到第53分钟。最终，奇才评价尼克-杨的三分球，以两分的优
2,pretrained,42,体育/100681.txt,体育,体育,0.9939998388290405,True,怪异!14.5秒科比两次绝杀不投 输球他仍能欣慰一笑,当时爵士领先2分，科比持球，按上赛季大伙习惯了的剧情，这该是“绝杀时刻”。可这次的版本却180度转变，飞侠连续两次都没有选择自己进攻，而是传球给了阿泰。第一次，阿泰底角运了一步但空位半截篮弹筐而出；第
2,pretrained,42,体育/100739.txt,体育,体育,0.9506506323814392,True,斯科特抱怨裁判被罚3万5 骑士主帅过嘴瘾钱包遭殃,新浪体育讯 北京时间11月29日消息，据美联社报道，联盟的执行副总裁斯图-杰克逊宣布，骑士主帅拜伦-斯科特因为公开指责裁判判罚不公而被罚款35000美元。 两天前骑士100-111不敌魔术，赛后斯
2,pretrained,42,体育/100794.txt,体育,体育,0.9970749020576477,True,调查-火箭客场完败于小牛 您如何评价他们的表现？,新浪体育讯 北京时间11月30日，得州内战，火箭在客场以91-101不敌小牛。 火箭(5-12)技不如人，早早缴械投降。凯文-马丁17分，路易斯-斯科拉15分5个篮板，替补出场的布拉德-米勒11分
2,pretrained,42,体育/101091.txt,体育,体育,0.9968932271003723,True,费舍尔绝杀差一点就被帽 禅师没有他俩我们赢不了,新浪体育讯 北京时间12月9日消息，比赛时间越来越少，德里克-费舍尔控球，这位36岁的老将没有像季后赛那样选择在外线投篮，他做了一个不同的抉择，他用突破抛投命中压哨球，这让洛杉矶湖人队以87比86险胜
2,pretrained,42,体育/101113.txt,体育,体育,0.9920539855957031,True,疯狂专家谋划4队10人交易 火箭同时引进波什埃利斯,新浪体育讯 随着火箭强势反弹，火箭的各类新闻、流言也度过了平淡期，磨刀霍霍的杀了出来。一时间，各种交易线索交织在一起，煞是好看。其中《94red》的专职作者韦恩无疑是最疯狂的一位，他为火箭设计的交易计
2,pretrained,42,体育/101115.txt,体育,体育,0.9883816838264465,True,阿联直言打先发很淡定 湖人赛后经纪人找他谈合同,驻洛杉矶记者段冉12月8日报道 北京时间12月8日，斯台普斯中心的门前又呈现出赛季开幕战时的场面，门口早早就聚集了很多当地的中国球迷，那一场做客的是姚明，这一场，来的是阿联。 与湖人一战，由于先
2,pretrained,42,财经/799188.txt,财经,财经,0.9815440773963928,True,凶手持死者银行卡柜台提现 被害者家属状告银行,本报讯 (记者 于杰) 凶手杀人后用死者的银行卡在柜台成功提现6.3万元。凶手被执行死刑后，损失无法追回，被害者家属将凶手提现的农业银行顺义区支行告上法庭。昨天，此案在顺义法院开庭。 2006年7
2,pretrained,42,财经/799234.txt,财经,财经,0.9951750040054321,True,信用卡+工资卡 三招玩转信用卡理财,要玩转“信用卡”，需要“工资卡”的搭配。 首先，让自己的信用卡与借记卡挂钩起来，建立关联账户，这是信用卡还款的最佳方式。这主要是因为工资卡挂钩有定期的收入保证，保证了还款的及时性。不过，关联账户还
2,pretrained,42,财经/799258.txt,财经,财经,0.9955366253852844,True,五一刷卡谨防5%超限费 易引发滞纳金等费用,“五一”假期是都市人休息和休闲的好时光。随着假期的缩短，许多人的出游计划变为购物消费。而近年来信用卡成为越来越多成年人的消费首选。不过，如果持卡人不小心刷爆信用卡，很有可能被征收5%的超限费，甚至引发
2,pretrained,42,财经/799288.txt,财经,财经,0.9369314312934875,True,发卡量倒逼服务 招行信用卡艰难转身,本报记者 王芳艳 以信用卡发家的招商银行，在信用卡迅速扩张5年之后，犹如一头体重增长过快的大象，终于感到了前所未有的步履沉重。 到2008年8月，招行的信用卡发卡量飙升到2300万张卡，仅次于
2,pretrained,42,财经/799376.txt,财经,财经,0.9971017837524414,True,少还0.8元利息上千元 不同银行罚息差数万倍,文/表 记者方利平 少还几毛钱，却要按全额计付透支利息！在信用卡刷卡消费中，部分还款逾期却要按全额计息的规则，一直是个容易引起纠纷的话题。今年以来，部分银行将透支利息收取标准由全额计付改为部分计付
2,pretrained,42,财经/799462.txt,财经,财经,0.9883400201797485,True,布局民生 建行业务结构谋变,6月21日到6月27日期间，建行总行机构业务部相关负责人奔赴广东、陕西、重庆等地考察验收“民本通达”试点情况。在总结试点的经验教训后，该方案有望于2个月之内在建行全面推行。 据该方案研发团队主要成
2,pretrained,42,财经/799607.txt,财经,财经,0.9944440722465515,True,信贷趋紧下 银行贷款利率上浮,中小企业在一定程度上受影响，但贷款支持力度有望继续得到保证 沈易安 信贷从紧力度加大的情况下，以存贷差为主要利润来源的商业银行正面临严峻考验。《第一财经日报》近日从多家银行了解到，它们的贷款利
2,pretrained,42,财经/799690.txt,财经,财经,0.9841776490211487,True,银行理财晒中考成绩：仅信托和澳元产品出色,7月，不仅意味着2010年上半年已成为过去时，还标志着又到了银行理财产品晒出自己年中“中考”成绩单、投资者们检查和调整投资决策的时候。近期，国内某知名理财调查研究机构给出了一组数据：据不完全统计，今年
2,pretrained,42,财经/799898.txt,财经,财经,0.9970493912696838,True,银监会就发布商业银行声誉风险管理指引答问,银监会有关部门负责人就发布 《商业银行声誉风险管理指引》答记者问 近日，银监会发布了《商业银行声誉风险管理指引》(以下简称《管理指引》)，银监会有关负责人就相关问题回答了记者的提问。 问：
2,pretrained,42,财经/799959.txt,财经,财经,0.9751695394515991,True,银行职员私改密码致储户被骗28万元,□记者刘昌武韩景玮实习生李宾宾 通讯员张胜利 本报讯 明知朋友要诈骗他人钱财，荥阳市农行一职员还私自篡改储户的银行卡密码，致使储户被骗28万元。昨天，郑州市上街区法院审结一起诈骗案，分文未得的
2,pretrained,42,财经/799960.txt,财经,财经,0.8587961792945862,True,ATM又吐双倍钱 担心后患夫妻还钱要求立字据,记得以前有个人这样拿走十几万 如果当时找不到银行的人就打110 字据写明其他客户所做交易与他们无关 叹“做好事也不容易”出来打工只求安心 本报讯 (记者罗桦琳)按100元吐200元，按
2,pretrained,42,财经/800186.txt,财经,财经,0.9962049722671509,True,招行南京分行首套房贷利率上调至8折,近期关于房贷优惠政策收紧的传言在南京终于有了先例——招商银行南京分行昨天中午下发通知，明确了首套房贷利率优惠由原来的7折上调为8折，在认定上以家庭为单位，但如果首套房贷还清，再贷还是认定为首套房，11
2,scratch,42,体育/100080.txt,体育,体育,0.5007542371749878,True,现场：阿联助攻帮队友腾飞 奇才半场落后骑士8分,新浪体育讯 第二节，阿联篮下出手，球磕框而出。两队急于进攻随后各出现一次低级失误，骑士率先找到节奏，连续两次进攻得手。 奇才则采用大个球员提到上线接球策应的战术，与沃尔挡拆配合后，阿联接到传球，但
2,scratch,42,体育/100169.txt,体育,体育,0.5012328624725342,True,现场：皇帝吃火锅头箍被打掉 斯隆不满吃技术犯规,第三节比赛开始，爵士终于有所起色，内线的杰弗森和米尔萨普率先发威，各自拿下两分，此后，德隆接管比赛，先是一记中投命中，然后助攻米尔萨普上篮得分。比赛进行到还剩8分47秒，詹姆斯投篮不中，波什抢下前场篮
2,scratch,42,体育/100243.txt,体育,体育,0.5011554956436157,True,勒夫31分31板轰跑尼克斯 纳什发飙太阳主场灭国王,新浪体育讯 北京时间11月13日，森林狼大将凯文-勒夫发飙，砍下31分31个篮板，森林狼击败尼克斯，取得二连胜；小牛在主场击退76人；太阳在主场拿下国王。以下是这三场比赛的综述： 尼克斯103-森
2,scratch,42,体育/100269.txt,体育,体育,0.5017672181129456,True,勒夫31篮板表现刺激阿联队友 麦基发微博誓言爆发,新浪体育讯 北京时间11月14日消息，据《华盛顿邮报》报道，奇才中锋贾维尔-麦基昨天的比赛里只抢到了两个篮板球，这已经是他本赛季第二次如此尴尬。而他现在也放言保证要加强篮板球。 比赛结束后，心情郁
2,scratch,42,体育/100471.txt,体育,体育,0.5014374256134033,True,现场：米勒挂彩激发火箭血性 状元打三分保住领先,新浪体育讯 北京时间11月20日消息，火箭今天继续客场之旅，在多伦多面对猛龙。火箭半场43比51落后对手。 下半场，主力悉数上阵。但是火箭仍旧在凭借罚球得分。不过斯科拉率先开火，上篮得手之后，马丁
2,scratch,42,体育/100585.txt,体育,体育,0.5017774701118469,True,奇才悍将：让全明星赛一边去 我今晚真是打兴奋了,新浪体育讯 北京时间11月24日(华盛顿时间23日)华盛顿奇才队主场迎战费城76人。上一次遇到对手时，两队就打进了加时，今天更是将比赛的悬念延展到第53分钟。最终，奇才评价尼克-杨的三分球，以两分的优
2,scratch,42,体育/100681.txt,体育,体育,0.5014033913612366,True,怪异!14.5秒科比两次绝杀不投 输球他仍能欣慰一笑,当时爵士领先2分，科比持球，按上赛季大伙习惯了的剧情，这该是“绝杀时刻”。可这次的版本却180度转变，飞侠连续两次都没有选择自己进攻，而是传球给了阿泰。第一次，阿泰底角运了一步但空位半截篮弹筐而出；第
2,scratch,42,体育/100739.txt,体育,体育,0.5015115737915039,True,斯科特抱怨裁判被罚3万5 骑士主帅过嘴瘾钱包遭殃,新浪体育讯 北京时间11月29日消息，据美联社报道，联盟的执行副总裁斯图-杰克逊宣布，骑士主帅拜伦-斯科特因为公开指责裁判判罚不公而被罚款35000美元。 两天前骑士100-111不敌魔术，赛后斯
2,scratch,42,体育/100794.txt,体育,体育,0.5015714764595032,True,调查-火箭客场完败于小牛 您如何评价他们的表现？,新浪体育讯 北京时间11月30日，得州内战，火箭在客场以91-101不敌小牛。 火箭(5-12)技不如人，早早缴械投降。凯文-马丁17分，路易斯-斯科拉15分5个篮板，替补出场的布拉德-米勒11分
2,scratch,42,体育/101091.txt,体育,体育,0.5018062591552734,True,费舍尔绝杀差一点就被帽 禅师没有他俩我们赢不了,新浪体育讯 北京时间12月9日消息，比赛时间越来越少，德里克-费舍尔控球，这位36岁的老将没有像季后赛那样选择在外线投篮，他做了一个不同的抉择，他用突破抛投命中压哨球，这让洛杉矶湖人队以87比86险胜
2,scratch,42,体育/101113.txt,体育,体育,0.5012592673301697,True,疯狂专家谋划4队10人交易 火箭同时引进波什埃利斯,新浪体育讯 随着火箭强势反弹，火箭的各类新闻、流言也度过了平淡期，磨刀霍霍的杀了出来。一时间，各种交易线索交织在一起，煞是好看。其中《94red》的专职作者韦恩无疑是最疯狂的一位，他为火箭设计的交易计
2,scratch,42,体育/101115.txt,体育,体育,0.5015009045600891,True,阿联直言打先发很淡定 湖人赛后经纪人找他谈合同,驻洛杉矶记者段冉12月8日报道 北京时间12月8日，斯台普斯中心的门前又呈现出赛季开幕战时的场面，门口早早就聚集了很多当地的中国球迷，那一场做客的是姚明，这一场，来的是阿联。 与湖人一战，由于先
2,scratch,42,财经/799188.txt,财经,体育,0.500052273273468,False,凶手持死者银行卡柜台提现 被害者家属状告银行,本报讯 (记者 于杰) 凶手杀人后用死者的银行卡在柜台成功提现6.3万元。凶手被执行死刑后，损失无法追回，被害者家属将凶手提现的农业银行顺义区支行告上法庭。昨天，此案在顺义法院开庭。 2006年7
2,scratch,42,财经/799234.txt,财经,体育,0.5000628232955933,False,信用卡+工资卡 三招玩转信用卡理财,要玩转“信用卡”，需要“工资卡”的搭配。 首先，让自己的信用卡与借记卡挂钩起来，建立关联账户，这是信用卡还款的最佳方式。这主要是因为工资卡挂钩有定期的收入保证，保证了还款的及时性。不过，关联账户还
2,scratch,42,财经/799258.txt,财经,体育,0.5002908110618591,False,五一刷卡谨防5%超限费 易引发滞纳金等费用,“五一”假期是都市人休息和休闲的好时光。随着假期的缩短，许多人的出游计划变为购物消费。而近年来信用卡成为越来越多成年人的消费首选。不过，如果持卡人不小心刷爆信用卡，很有可能被征收5%的超限费，甚至引发
2,scratch,42,财经/799288.txt,财经,体育,0.5003767013549805,False,发卡量倒逼服务 招行信用卡艰难转身,本报记者 王芳艳 以信用卡发家的招商银行，在信用卡迅速扩张5年之后，犹如一头体重增长过快的大象，终于感到了前所未有的步履沉重。 到2008年8月，招行的信用卡发卡量飙升到2300万张卡，仅次于
2,scratch,42,财经/799376.txt,财经,体育,0.5000569224357605,False,少还0.8元利息上千元 不同银行罚息差数万倍,文/表 记者方利平 少还几毛钱，却要按全额计付透支利息！在信用卡刷卡消费中，部分还款逾期却要按全额计息的规则，一直是个容易引起纠纷的话题。今年以来，部分银行将透支利息收取标准由全额计付改为部分计付
2,scratch,42,财经/799462.txt,财经,体育,0.500339925289154,False,布局民生 建行业务结构谋变,6月21日到6月27日期间，建行总行机构业务部相关负责人奔赴广东、陕西、重庆等地考察验收“民本通达”试点情况。在总结试点的经验教训后，该方案有望于2个月之内在建行全面推行。 据该方案研发团队主要成
2,scratch,42,财经/799607.txt,财经,财经,0.5001141428947449,True,信贷趋紧下 银行贷款利率上浮,中小企业在一定程度上受影响，但贷款支持力度有望继续得到保证 沈易安 信贷从紧力度加大的情况下，以存贷差为主要利润来源的商业银行正面临严峻考验。《第一财经日报》近日从多家银行了解到，它们的贷款利
2,scratch,42,财经/799690.txt,财经,体育,0.5002223253250122,False,银行理财晒中考成绩：仅信托和澳元产品出色,7月，不仅意味着2010年上半年已成为过去时，还标志着又到了银行理财产品晒出自己年中“中考”成绩单、投资者们检查和调整投资决策的时候。近期，国内某知名理财调查研究机构给出了一组数据：据不完全统计，今年
2,scratch,42,财经/799898.txt,财经,体育,0.5001496076583862,False,银监会就发布商业银行声誉风险管理指引答问,银监会有关部门负责人就发布 《商业银行声誉风险管理指引》答记者问 近日，银监会发布了《商业银行声誉风险管理指引》(以下简称《管理指引》)，银监会有关负责人就相关问题回答了记者的提问。 问：
2,scratch,42,财经/799959.txt,财经,财经,0.5000947713851929,True,银行职员私改密码致储户被骗28万元,□记者刘昌武韩景玮实习生李宾宾 通讯员张胜利 本报讯 明知朋友要诈骗他人钱财，荥阳市农行一职员还私自篡改储户的银行卡密码，致使储户被骗28万元。昨天，郑州市上街区法院审结一起诈骗案，分文未得的
2,scratch,42,财经/799960.txt,财经,体育,0.5005926489830017,False,ATM又吐双倍钱 担心后患夫妻还钱要求立字据,记得以前有个人这样拿走十几万 如果当时找不到银行的人就打110 字据写明其他客户所做交易与他们无关 叹“做好事也不容易”出来打工只求安心 本报讯 (记者罗桦琳)按100元吐200元，按
2,scratch,42,财经/800186.txt,财经,体育,0.5000239014625549,False,招行南京分行首套房贷利率上调至8折,近期关于房贷优惠政策收紧的传言在南京终于有了先例——招商银行南京分行昨天中午下发通知，明确了首套房贷利率优惠由原来的7折上调为8折，在认定上以家庭为单位，但如果首套房贷还清，再贷还是认定为首套房，11
4,pretrained,42,体育/100080.txt,体育,体育,0.996013343334198,True,现场：阿联助攻帮队友腾飞 奇才半场落后骑士8分,新浪体育讯 第二节，阿联篮下出手，球磕框而出。两队急于进攻随后各出现一次低级失误，骑士率先找到节奏，连续两次进攻得手。 奇才则采用大个球员提到上线接球策应的战术，与沃尔挡拆配合后，阿联接到传球，但
4,pretrained,42,体育/100169.txt,体育,体育,0.9983695149421692,True,现场：皇帝吃火锅头箍被打掉 斯隆不满吃技术犯规,第三节比赛开始，爵士终于有所起色，内线的杰弗森和米尔萨普率先发威，各自拿下两分，此后，德隆接管比赛，先是一记中投命中，然后助攻米尔萨普上篮得分。比赛进行到还剩8分47秒，詹姆斯投篮不中，波什抢下前场篮
4,pretrained,42,体育/100243.txt,体育,体育,0.9921145439147949,True,勒夫31分31板轰跑尼克斯 纳什发飙太阳主场灭国王,新浪体育讯 北京时间11月13日，森林狼大将凯文-勒夫发飙，砍下31分31个篮板，森林狼击败尼克斯，取得二连胜；小牛在主场击退76人；太阳在主场拿下国王。以下是这三场比赛的综述： 尼克斯103-森
4,pretrained,42,体育/100269.txt,体育,体育,0.9817659854888916,True,勒夫31篮板表现刺激阿联队友 麦基发微博誓言爆发,新浪体育讯 北京时间11月14日消息，据《华盛顿邮报》报道，奇才中锋贾维尔-麦基昨天的比赛里只抢到了两个篮板球，这已经是他本赛季第二次如此尴尬。而他现在也放言保证要加强篮板球。 比赛结束后，心情郁
4,pretrained,42,体育/100471.txt,体育,体育,0.9972675442695618,True,现场：米勒挂彩激发火箭血性 状元打三分保住领先,新浪体育讯 北京时间11月20日消息，火箭今天继续客场之旅，在多伦多面对猛龙。火箭半场43比51落后对手。 下半场，主力悉数上阵。但是火箭仍旧在凭借罚球得分。不过斯科拉率先开火，上篮得手之后，马丁
4,pretrained,42,体育/100585.txt,体育,体育,0.9760452508926392,True,奇才悍将：让全明星赛一边去 我今晚真是打兴奋了,新浪体育讯 北京时间11月24日(华盛顿时间23日)华盛顿奇才队主场迎战费城76人。上一次遇到对手时，两队就打进了加时，今天更是将比赛的悬念延展到第53分钟。最终，奇才评价尼克-杨的三分球，以两分的优
4,pretrained,42,体育/100681.txt,体育,体育,0.9735345840454102,True,怪异!14.5秒科比两次绝杀不投 输球他仍能欣慰一笑,当时爵士领先2分，科比持球，按上赛季大伙习惯了的剧情，这该是“绝杀时刻”。可这次的版本却180度转变，飞侠连续两次都没有选择自己进攻，而是传球给了阿泰。第一次，阿泰底角运了一步但空位半截篮弹筐而出；第
4,pretrained,42,体育/100739.txt,体育,体育,0.8806771636009216,True,斯科特抱怨裁判被罚3万5 骑士主帅过嘴瘾钱包遭殃,新浪体育讯 北京时间11月29日消息，据美联社报道，联盟的执行副总裁斯图-杰克逊宣布，骑士主帅拜伦-斯科特因为公开指责裁判判罚不公而被罚款35000美元。 两天前骑士100-111不敌魔术，赛后斯
4,pretrained,42,体育/100794.txt,体育,体育,0.9975677728652954,True,调查-火箭客场完败于小牛 您如何评价他们的表现？,新浪体育讯 北京时间11月30日，得州内战，火箭在客场以91-101不敌小牛。 火箭(5-12)技不如人，早早缴械投降。凯文-马丁17分，路易斯-斯科拉15分5个篮板，替补出场的布拉德-米勒11分
4,pretrained,42,体育/101091.txt,体育,体育,0.9907206892967224,True,费舍尔绝杀差一点就被帽 禅师没有他俩我们赢不了,新浪体育讯 北京时间12月9日消息，比赛时间越来越少，德里克-费舍尔控球，这位36岁的老将没有像季后赛那样选择在外线投篮，他做了一个不同的抉择，他用突破抛投命中压哨球，这让洛杉矶湖人队以87比86险胜
4,pretrained,42,体育/101113.txt,体育,体育,0.9525514841079712,True,疯狂专家谋划4队10人交易 火箭同时引进波什埃利斯,新浪体育讯 随着火箭强势反弹，火箭的各类新闻、流言也度过了平淡期，磨刀霍霍的杀了出来。一时间，各种交易线索交织在一起，煞是好看。其中《94red》的专职作者韦恩无疑是最疯狂的一位，他为火箭设计的交易计
4,pretrained,42,体育/101115.txt,体育,体育,0.9218689203262329,True,阿联直言打先发很淡定 湖人赛后经纪人找他谈合同,驻洛杉矶记者段冉12月8日报道 北京时间12月8日，斯台普斯中心的门前又呈现出赛季开幕战时的场面，门口早早就聚集了很多当地的中国球迷，那一场做客的是姚明，这一场，来的是阿联。 与湖人一战，由于先
4,pretrained,42,财经/799188.txt,财经,财经,0.9354135394096375,True,凶手持死者银行卡柜台提现 被害者家属状告银行,本报讯 (记者 于杰) 凶手杀人后用死者的银行卡在柜台成功提现6.3万元。凶手被执行死刑后，损失无法追回，被害者家属将凶手提现的农业银行顺义区支行告上法庭。昨天，此案在顺义法院开庭。 2006年7
4,pretrained,42,财经/799234.txt,财经,财经,0.8024113178253174,True,信用卡+工资卡 三招玩转信用卡理财,要玩转“信用卡”，需要“工资卡”的搭配。 首先，让自己的信用卡与借记卡挂钩起来，建立关联账户，这是信用卡还款的最佳方式。这主要是因为工资卡挂钩有定期的收入保证，保证了还款的及时性。不过，关联账户还
4,pretrained,42,财经/799258.txt,财经,财经,0.9244382977485657,True,五一刷卡谨防5%超限费 易引发滞纳金等费用,“五一”假期是都市人休息和休闲的好时光。随着假期的缩短，许多人的出游计划变为购物消费。而近年来信用卡成为越来越多成年人的消费首选。不过，如果持卡人不小心刷爆信用卡，很有可能被征收5%的超限费，甚至引发
4,pretrained,42,财经/799288.txt,财经,财经,0.7819581031799316,True,发卡量倒逼服务 招行信用卡艰难转身,本报记者 王芳艳 以信用卡发家的招商银行，在信用卡迅速扩张5年之后，犹如一头体重增长过快的大象，终于感到了前所未有的步履沉重。 到2008年8月，招行的信用卡发卡量飙升到2300万张卡，仅次于
4,pretrained,42,财经/799376.txt,财经,财经,0.9826106429100037,True,少还0.8元利息上千元 不同银行罚息差数万倍,文/表 记者方利平 少还几毛钱，却要按全额计付透支利息！在信用卡刷卡消费中，部分还款逾期却要按全额计息的规则，一直是个容易引起纠纷的话题。今年以来，部分银行将透支利息收取标准由全额计付改为部分计付
4,pretrained,42,财经/799462.txt,财经,财经,0.6985716819763184,True,布局民生 建行业务结构谋变,6月21日到6月27日期间，建行总行机构业务部相关负责人奔赴广东、陕西、重庆等地考察验收“民本通达”试点情况。在总结试点的经验教训后，该方案有望于2个月之内在建行全面推行。 据该方案研发团队主要成
4,pretrained,42,财经/799607.txt,财经,财经,0.980563223361969,True,信贷趋紧下 银行贷款利率上浮,中小企业在一定程度上受影响，但贷款支持力度有望继续得到保证 沈易安 信贷从紧力度加大的情况下，以存贷差为主要利润来源的商业银行正面临严峻考验。《第一财经日报》近日从多家银行了解到，它们的贷款利
4,pretrained,42,财经/799690.txt,财经,财经,0.9589757323265076,True,银行理财晒中考成绩：仅信托和澳元产品出色,7月，不仅意味着2010年上半年已成为过去时，还标志着又到了银行理财产品晒出自己年中“中考”成绩单、投资者们检查和调整投资决策的时候。近期，国内某知名理财调查研究机构给出了一组数据：据不完全统计，今年
4,pretrained,42,财经/799898.txt,财经,财经,0.8396909236907959,True,银监会就发布商业银行声誉风险管理指引答问,银监会有关部门负责人就发布 《商业银行声誉风险管理指引》答记者问 近日，银监会发布了《商业银行声誉风险管理指引》(以下简称《管理指引》)，银监会有关负责人就相关问题回答了记者的提问。 问：
4,pretrained,42,财经/799959.txt,财经,财经,0.929172158241272,True,银行职员私改密码致储户被骗28万元,□记者刘昌武韩景玮实习生李宾宾 通讯员张胜利 本报讯 明知朋友要诈骗他人钱财，荥阳市农行一职员还私自篡改储户的银行卡密码，致使储户被骗28万元。昨天，郑州市上街区法院审结一起诈骗案，分文未得的
4,pretrained,42,财经/799960.txt,财经,财经,0.7250334024429321,True,ATM又吐双倍钱 担心后患夫妻还钱要求立字据,记得以前有个人这样拿走十几万 如果当时找不到银行的人就打110 字据写明其他客户所做交易与他们无关 叹“做好事也不容易”出来打工只求安心 本报讯 (记者罗桦琳)按100元吐200元，按
4,pretrained,42,财经/800186.txt,财经,财经,0.9805920720100403,True,招行南京分行首套房贷利率上调至8折,近期关于房贷优惠政策收紧的传言在南京终于有了先例——招商银行南京分行昨天中午下发通知，明确了首套房贷利率优惠由原来的7折上调为8折，在认定上以家庭为单位，但如果首套房贷还清，再贷还是认定为首套房，11
4,pretrained,42,教育/284539.txt,教育,教育,0.36530670523643494,True,美国室友的独到见解：中国人都会功夫(图),那一年我去美国旅游，为了节省住宿费，我没住酒店，在加利福尼亚州的一个小镇上跟几个美国人合租一套公寓。那里在举办中国文化节，举办方在镇里的歌剧院组织了京剧、中国民乐表演，在镇中心广场舞起了狮子，当地电视
4,pretrained,42,教育/284583.txt,教育,教育,0.9003379940986633,True,名师把脉：申请加拿大高额奖学金绝招,当申请奖学金的时候，你通常需要写一封信递交奖学金管理员咨询更多信息，要一张申请表或是简单地介绍一下自己。这是向管理员展示你是最佳候选人的绝好时机。所以在发信前花一些时间仔细斟酌，务必简明，扼要且信息全
4,pretrained,42,教育/284608.txt,教育,教育,0.9751850962638855,True,权威指导：如何面对留学签证中的拒签,留学签证被拒签是会遇到的一个问题，面对拒签，因为没有成功案例，大部分留学机构选择沉默，通常的做法是重新组织材料，再次申请。这样的结果常常是赔了签证费又耽误时间。 分析指出，目前签证还是由各国领事馆
4,pretrained,42,教育/284632.txt,教育,教育,0.697056233882904,True,亲历：零距离接触纽宾士域省多元文化,据悉，由上海市因私出入境服务中心境外合作方：加拿大KBL顾问集团组织的第26批考察团已于上周末出发前，往加拿大东部的纽宾士域省展开为期10天的商务考察活动。据了解，此次考察团将走访纽宾士域省的代表性城
4,pretrained,42,教育/284829.txt,教育,教育,0.9786393642425537,True,出国留学：走出“高层次”择业之路,谈论留学绕不开就业的话题，因为留学是学子们日后高层次就业的人生路径。就此问题，将在7月10日至11日由本报社区版于上海图书馆举办的大型留学择业咨询会上亮相的沪上四大著名留学机构的老总们是如何看待的？
4,pretrained,42,教育/284956.txt,教育,教育,0.9645652770996094,True,打工族：新西兰推出“工作度假计划”,记者从广东侨谊海外交流服务中心获悉，根据2008年中国和新西兰签署的《中华人民共和国政府和新西兰政府自由贸易协定》，新西兰针对中国年轻人推出了一项“新西兰工作度假计划”。根据协议，新西兰每年将允许10
4,pretrained,42,教育/285067.txt,教育,教育,0.49266868829727173,True,梦想成真：美女海归也有“空姐梦”(组图),本报讯 (记者黄琮 通讯员邵富强、南宣摄影报道)研究人体DNA排列的留学生、专业英语达到八级水平的美女硕士也来报名当空姐！近日南方航空在全国的空姐招募活动火爆异常。南航方面预计，今年空姐招募将成为有史
4,pretrained,42,教育/285246.txt,教育,教育,0.9794027209281921,True,金融风暴催生澳大利亚商业移民热潮,项目简介 此类别主要是指申请人以自己的专业技能为基础，同时获得指定地区州政府或亲属担保的技术移民。此类签证要求申请人必须要符合澳洲技术移民的基本要求并具备澳大利亚技术职业列表(SOL)中对应职业的
4,pretrained,42,教育/285369.txt,教育,娱乐,0.466608464717865,False,特别策划：爆笑连连的出国故事猜猜看,刚刚出国时想必哥们儿姐们儿都因为英文不好跟老外过招时发生过搞笑的故事吧？只有想不到，没有做不到。新浪出国为您收集了14则爆笑的故事，和大家一起分享，让我们共同回忆在国外那些懵懂、青涩但难忘的岁月。
4,pretrained,42,教育/285374.txt,教育,教育,0.9630991816520691,True,《泰晤士报》2010年大学排行榜出炉,名校排行 继《卫报》推出2010年英国大学排名之后，英国《泰晤士报》近日也公布了该报新一年度的大学排名。和往年一样，牛津和剑桥两所老牌名校的仍然占据了综合排名的第一和第二头两把交椅，但今年的专业排
4,pretrained,42,教育/285591.txt,教育,教育,0.9541158080101013,True,最新动态：赴美签证将准备“提速”,晨报讯 据透露，旨在提速中国公民办理赴美签证的新政策目前正在酝酿之中，新政出台后，中国学生办理赴美留学的速度将更快、名校选择更多、获取奖学金的机会也更大。 北京因私出入境行业协会秘书长、鲲鹏国际总
4,pretrained,42,教育/285593.txt,教育,教育,0.7469186186790466,True,留学生：晒晒我在耶鲁创办的杂志(组图),在耶鲁大学，学生们很乐忠于创办各种杂志期刊。每学期，都会有2到4本新杂志创刊，但可惜大都以失败而告终。我似乎总是对自己写杂志有浓厚的兴趣，由于当年gap year的时候，我已经有过一些编写杂志的经历，
4,pretrained,42,娱乐/131610.txt,娱乐,财经,0.8773221969604492,False,国家开发银行原副行长王益受贿一审被判死缓,新华网北京4月15日电(记者陈菲) 北京市第一中级人民法院15日上午对国家开发银行原副行长王益作出一审判决，认定王益犯受贿罪，判处死刑，缓期二年执行，剥夺政治权利终身，没收个人全部财产。 北京市第
4,pretrained,42,娱乐/131740.txt,娱乐,娱乐,0.5934863090515137,True,新周刊：陆川解读南京--生死之城生死之问(图),南京大屠杀，是72年前的事。 侵华日军在1937年12月13日之后长达数月的屠杀，超过30万中国人成为冤魂。 在当代中国人的记忆里，没有什么比它更沉重。 忘记历史就意味着背叛——那么，我们
4,pretrained,42,娱乐/131759.txt,娱乐,娱乐,0.9268845915794373,True,实录：《爱有来生》主创专访 段奕宏曝女友身份,新浪娱乐讯 演员俞飞鸿转型导演的电影处女作《爱有来生》即将于8月26日公映。本片是国内第一部为中国的七夕情人节量身订做的电影，也成为了今年暑期档电影票房争夺战中最后压轴上映的影片。而8月14日，影片导
4,pretrained,42,娱乐/131805.txt,娱乐,娱乐,0.8373702764511108,True,精品购物指南：2011翻拍之春抑或榨干之冬(图),撰文/杜晋华 王子烨 白郁虹 吕佳 编辑/王子烨 看看2011的片单，翻拍，又见翻拍——“经典”中寻宝、各路热门改编、直接走进“2.0”时代。一个聂小倩、两队杨家将、两位杨子荣、三个李小龙、三桌鸿
4,pretrained,42,娱乐/131865.txt,娱乐,娱乐,0.907056987285614,True,陈木胜新片翻拍《一线生机》 大S古天乐出演,本报讯 （记者杨林）如果有一天你的手机接到陌生女子电话，要你帮之奔忙并营救她于水深火热，你会怎么办？最近古天乐()就遇到这样的麻烦事。翻拍自好莱坞制作《一线生机》的《保持通话》近日在香港开机，男主角是
4,pretrained,42,娱乐/131933.txt,娱乐,娱乐,0.9810101985931396,True,《证人》杀青谢霆锋攀爬竹梯不畏惧(组图),视频：谢霆锋张家辉张静初主演《证人》杀青 新浪娱乐讯 谢霆锋( 听歌)、张家辉(听歌 blog)、张静初( blog)等终于结束了新片《证人》最后一场戏的拍摄，正式宣告杀青。 当问到有了家庭
4,pretrained,42,娱乐/132127.txt,娱乐,娱乐,0.9242212772369385,True,《筑梦2008》代表中国内地“申奥”(图),新浪娱乐讯 代表中国内地角逐第81届奥斯卡()最佳外语片的影片已经敲定为奥运题材影片《筑梦2008》。今年传统大片都纷纷放弃“申奥”，《筑梦2008》在与《隐形的翅膀》、《一个人的奥林匹克》等“小片”
4,pretrained,42,娱乐/132192.txt,娱乐,娱乐,0.9762746691703796,True,王晶易稿打动刘德华 耗资过亿打造《未来警探》,新浪娱乐讯 据台湾媒体报道，台湾学者电影公司老板蔡松林已确认投拍王晶()编导的新戏《未来警察》。该片阵容强大，投资达6亿台币(1.5亿人民币)，除请来奥运会开幕式空中特技总设计也是香港最知名武指之一的
4,pretrained,42,娱乐/132421.txt,娱乐,娱乐,0.9129553437232971,True,魏德圣失落奖项不遗憾 新片与李安吴宇森合作,新浪娱乐讯 热爆电影《海角七号》导演魏德圣虽然在6日金马奖颁奖礼上失落最佳导演及最佳剧情片奖，却赢得更难能可贵的两个“导演”奖。他前晚在《海》片派对上，获李安赏脸出席，他说：“我很满足，对手是大制作，
4,pretrained,42,娱乐/132573.txt,娱乐,娱乐,0.9002695083618164,True,吴宇森回应《赤壁》争议：其实，你不懂我的心,拍一次三国，发一次思古之豪情，这是众多电影人梦寐以求的事情。昨日下午，终于圆梦的吴宇森满脸喜气地携夫人牛春龙(blog)，主创张山、小宋佳以及主题曲演唱者四川姑娘阿兰亮相武侯祠，为新上映的《赤壁(下)
4,pretrained,42,娱乐/132743.txt,娱乐,娱乐,0.9852820634841919,True,第三届亚洲电影大奖蒋雯丽周迅赵薇争影后,荆楚网消息 (楚天都市报) 前日，第三届亚洲电影大奖公布提名名单，中国的《梅兰芳》、《赤壁》，日本的《悬崖上的金鱼姬》获得最佳影片提名，成为该奖项最有力竞争者。 冯小刚、吴宇森分别凭《非诚勿扰》
4,pretrained,42,娱乐/132751.txt,娱乐,娱乐,0.9659847021102905,True,《杜拉拉升职记》6月开拍 徐静蕾香港选景(图),新浪娱乐讯 由尔冬升执导，成龙、徐静蕾、吴彦祖、范冰冰主演的电影《新宿事件》于今天亮相香港国际电影节。之前有传闻她将执导拍摄电影版《杜拉拉升职记》也得到了徐静蕾本人的印证。徐静蕾透露，新片可能将在6月
4,scratch,42,体育/100080.txt,体育,体育,0.2503989636898041,True,现场：阿联助攻帮队友腾飞 奇才半场落后骑士8分,新浪体育讯 第二节，阿联篮下出手，球磕框而出。两队急于进攻随后各出现一次低级失误，骑士率先找到节奏，连续两次进攻得手。 奇才则采用大个球员提到上线接球策应的战术，与沃尔挡拆配合后，阿联接到传球，但
4,scratch,42,体育/100169.txt,体育,体育,0.25064006447792053,True,现场：皇帝吃火锅头箍被打掉 斯隆不满吃技术犯规,第三节比赛开始，爵士终于有所起色，内线的杰弗森和米尔萨普率先发威，各自拿下两分，此后，德隆接管比赛，先是一记中投命中，然后助攻米尔萨普上篮得分。比赛进行到还剩8分47秒，詹姆斯投篮不中，波什抢下前场篮
4,scratch,42,体育/100243.txt,体育,体育,0.25058552622795105,True,勒夫31分31板轰跑尼克斯 纳什发飙太阳主场灭国王,新浪体育讯 北京时间11月13日，森林狼大将凯文-勒夫发飙，砍下31分31个篮板，森林狼击败尼克斯，取得二连胜；小牛在主场击退76人；太阳在主场拿下国王。以下是这三场比赛的综述： 尼克斯103-森
4,scratch,42,体育/100269.txt,体育,体育,0.2506887912750244,True,勒夫31篮板表现刺激阿联队友 麦基发微博誓言爆发,新浪体育讯 北京时间11月14日消息，据《华盛顿邮报》报道，奇才中锋贾维尔-麦基昨天的比赛里只抢到了两个篮板球，这已经是他本赛季第二次如此尴尬。而他现在也放言保证要加强篮板球。 比赛结束后，心情郁
4,scratch,42,体育/100471.txt,体育,体育,0.25073009729385376,True,现场：米勒挂彩激发火箭血性 状元打三分保住领先,新浪体育讯 北京时间11月20日消息，火箭今天继续客场之旅，在多伦多面对猛龙。火箭半场43比51落后对手。 下半场，主力悉数上阵。但是火箭仍旧在凭借罚球得分。不过斯科拉率先开火，上篮得手之后，马丁
4,scratch,42,体育/100585.txt,体育,体育,0.25069111585617065,True,奇才悍将：让全明星赛一边去 我今晚真是打兴奋了,新浪体育讯 北京时间11月24日(华盛顿时间23日)华盛顿奇才队主场迎战费城76人。上一次遇到对手时，两队就打进了加时，今天更是将比赛的悬念延展到第53分钟。最终，奇才评价尼克-杨的三分球，以两分的优
4,scratch,42,体育/100681.txt,体育,体育,0.2505090534687042,True,怪异!14.5秒科比两次绝杀不投 输球他仍能欣慰一笑,当时爵士领先2分，科比持球，按上赛季大伙习惯了的剧情，这该是“绝杀时刻”。可这次的版本却180度转变，飞侠连续两次都没有选择自己进攻，而是传球给了阿泰。第一次，阿泰底角运了一步但空位半截篮弹筐而出；第
4,scratch,42,体育/100739.txt,体育,体育,0.25062257051467896,True,斯科特抱怨裁判被罚3万5 骑士主帅过嘴瘾钱包遭殃,新浪体育讯 北京时间11月29日消息，据美联社报道，联盟的执行副总裁斯图-杰克逊宣布，骑士主帅拜伦-斯科特因为公开指责裁判判罚不公而被罚款35000美元。 两天前骑士100-111不敌魔术，赛后斯
4,scratch,42,体育/100794.txt,体育,体育,0.2508217692375183,True,调查-火箭客场完败于小牛 您如何评价他们的表现？,新浪体育讯 北京时间11月30日，得州内战，火箭在客场以91-101不敌小牛。 火箭(5-12)技不如人，早早缴械投降。凯文-马丁17分，路易斯-斯科拉15分5个篮板，替补出场的布拉德-米勒11分
4,scratch,42,体育/101091.txt,体育,体育,0.2507515847682953,True,费舍尔绝杀差一点就被帽 禅师没有他俩我们赢不了,新浪体育讯 北京时间12月9日消息，比赛时间越来越少，德里克-费舍尔控球，这位36岁的老将没有像季后赛那样选择在外线投篮，他做了一个不同的抉择，他用突破抛投命中压哨球，这让洛杉矶湖人队以87比86险胜
4,scratch,42,体育/101113.txt,体育,体育,0.25041282176971436,True,疯狂专家谋划4队10人交易 火箭同时引进波什埃利斯,新浪体育讯 随着火箭强势反弹，火箭的各类新闻、流言也度过了平淡期，磨刀霍霍的杀了出来。一时间，各种交易线索交织在一起，煞是好看。其中《94red》的专职作者韦恩无疑是最疯狂的一位，他为火箭设计的交易计
4,scratch,42,体育/101115.txt,体育,体育,0.25055915117263794,True,阿联直言打先发很淡定 湖人赛后经纪人找他谈合同,驻洛杉矶记者段冉12月8日报道 北京时间12月8日，斯台普斯中心的门前又呈现出赛季开幕战时的场面，门口早早就聚集了很多当地的中国球迷，那一场做客的是姚明，这一场，来的是阿联。 与湖人一战，由于先
4,scratch,42,财经/799188.txt,财经,教育,0.2500825524330139,False,凶手持死者银行卡柜台提现 被害者家属状告银行,本报讯 (记者 于杰) 凶手杀人后用死者的银行卡在柜台成功提现6.3万元。凶手被执行死刑后，损失无法追回，被害者家属将凶手提现的农业银行顺义区支行告上法庭。昨天，此案在顺义法院开庭。 2006年7
4,scratch,42,财经/799234.txt,财经,教育,0.2503267824649811,False,信用卡+工资卡 三招玩转信用卡理财,要玩转“信用卡”，需要“工资卡”的搭配。 首先，让自己的信用卡与借记卡挂钩起来，建立关联账户，这是信用卡还款的最佳方式。这主要是因为工资卡挂钩有定期的收入保证，保证了还款的及时性。不过，关联账户还
4,scratch,42,财经/799258.txt,财经,教育,0.2502131760120392,False,五一刷卡谨防5%超限费 易引发滞纳金等费用,“五一”假期是都市人休息和休闲的好时光。随着假期的缩短，许多人的出游计划变为购物消费。而近年来信用卡成为越来越多成年人的消费首选。不过，如果持卡人不小心刷爆信用卡，很有可能被征收5%的超限费，甚至引发
4,scratch,42,财经/799288.txt,财经,教育,0.25019991397857666,False,发卡量倒逼服务 招行信用卡艰难转身,本报记者 王芳艳 以信用卡发家的招商银行，在信用卡迅速扩张5年之后，犹如一头体重增长过快的大象，终于感到了前所未有的步履沉重。 到2008年8月，招行的信用卡发卡量飙升到2300万张卡，仅次于
4,scratch,42,财经/799376.txt,财经,教育,0.2501555383205414,False,少还0.8元利息上千元 不同银行罚息差数万倍,文/表 记者方利平 少还几毛钱，却要按全额计付透支利息！在信用卡刷卡消费中，部分还款逾期却要按全额计息的规则，一直是个容易引起纠纷的话题。今年以来，部分银行将透支利息收取标准由全额计付改为部分计付
4,scratch,42,财经/799462.txt,财经,教育,0.25018301606178284,False,布局民生 建行业务结构谋变,6月21日到6月27日期间，建行总行机构业务部相关负责人奔赴广东、陕西、重庆等地考察验收“民本通达”试点情况。在总结试点的经验教训后，该方案有望于2个月之内在建行全面推行。 据该方案研发团队主要成
4,scratch,42,财经/799607.txt,财经,教育,0.250154584646225,False,信贷趋紧下 银行贷款利率上浮,中小企业在一定程度上受影响，但贷款支持力度有望继续得到保证 沈易安 信贷从紧力度加大的情况下，以存贷差为主要利润来源的商业银行正面临严峻考验。《第一财经日报》近日从多家银行了解到，它们的贷款利
4,scratch,42,财经/799690.txt,财经,教育,0.2500860095024109,False,银行理财晒中考成绩：仅信托和澳元产品出色,7月，不仅意味着2010年上半年已成为过去时，还标志着又到了银行理财产品晒出自己年中“中考”成绩单、投资者们检查和调整投资决策的时候。近期，国内某知名理财调查研究机构给出了一组数据：据不完全统计，今年
4,scratch,42,财经/799898.txt,财经,教育,0.25021371245384216,False,银监会就发布商业银行声誉风险管理指引答问,银监会有关部门负责人就发布 《商业银行声誉风险管理指引》答记者问 近日，银监会发布了《商业银行声誉风险管理指引》(以下简称《管理指引》)，银监会有关负责人就相关问题回答了记者的提问。 问：
4,scratch,42,财经/799959.txt,财经,教育,0.25007888674736023,False,银行职员私改密码致储户被骗28万元,□记者刘昌武韩景玮实习生李宾宾 通讯员张胜利 本报讯 明知朋友要诈骗他人钱财，荥阳市农行一职员还私自篡改储户的银行卡密码，致使储户被骗28万元。昨天，郑州市上街区法院审结一起诈骗案，分文未得的
4,scratch,42,财经/799960.txt,财经,体育,0.25018638372421265,False,ATM又吐双倍钱 担心后患夫妻还钱要求立字据,记得以前有个人这样拿走十几万 如果当时找不到银行的人就打110 字据写明其他客户所做交易与他们无关 叹“做好事也不容易”出来打工只求安心 本报讯 (记者罗桦琳)按100元吐200元，按
4,scratch,42,财经/800186.txt,财经,教育,0.25014635920524597,False,招行南京分行首套房贷利率上调至8折,近期关于房贷优惠政策收紧的传言在南京终于有了先例——招商银行南京分行昨天中午下发通知，明确了首套房贷利率优惠由原来的7折上调为8折，在认定上以家庭为单位，但如果首套房贷还清，再贷还是认定为首套房，11
4,scratch,42,教育/284539.txt,教育,体育,0.2504558265209198,False,美国室友的独到见解：中国人都会功夫(图),那一年我去美国旅游，为了节省住宿费，我没住酒店，在加利福尼亚州的一个小镇上跟几个美国人合租一套公寓。那里在举办中国文化节，举办方在镇里的歌剧院组织了京剧、中国民乐表演，在镇中心广场舞起了狮子，当地电视
4,scratch,42,教育/284583.txt,教育,教育,0.2502954602241516,True,名师把脉：申请加拿大高额奖学金绝招,当申请奖学金的时候，你通常需要写一封信递交奖学金管理员咨询更多信息，要一张申请表或是简单地介绍一下自己。这是向管理员展示你是最佳候选人的绝好时机。所以在发信前花一些时间仔细斟酌，务必简明，扼要且信息全
4,scratch,42,教育/284608.txt,教育,教育,0.25059303641319275,True,权威指导：如何面对留学签证中的拒签,留学签证被拒签是会遇到的一个问题，面对拒签，因为没有成功案例，大部分留学机构选择沉默，通常的做法是重新组织材料，再次申请。这样的结果常常是赔了签证费又耽误时间。 分析指出，目前签证还是由各国领事馆
4,scratch,42,教育/284632.txt,教育,教育,0.2504464089870453,True,亲历：零距离接触纽宾士域省多元文化,据悉，由上海市因私出入境服务中心境外合作方：加拿大KBL顾问集团组织的第26批考察团已于上周末出发前，往加拿大东部的纽宾士域省展开为期10天的商务考察活动。据了解，此次考察团将走访纽宾士域省的代表性城
4,scratch,42,教育/284829.txt,教育,教育,0.2504905164241791,True,出国留学：走出“高层次”择业之路,谈论留学绕不开就业的话题，因为留学是学子们日后高层次就业的人生路径。就此问题，将在7月10日至11日由本报社区版于上海图书馆举办的大型留学择业咨询会上亮相的沪上四大著名留学机构的老总们是如何看待的？
4,scratch,42,教育/284956.txt,教育,教育,0.250313401222229,True,打工族：新西兰推出“工作度假计划”,记者从广东侨谊海外交流服务中心获悉，根据2008年中国和新西兰签署的《中华人民共和国政府和新西兰政府自由贸易协定》，新西兰针对中国年轻人推出了一项“新西兰工作度假计划”。根据协议，新西兰每年将允许10
4,scratch,42,教育/285067.txt,教育,教育,0.2502455711364746,True,梦想成真：美女海归也有“空姐梦”(组图),本报讯 (记者黄琮 通讯员邵富强、南宣摄影报道)研究人体DNA排列的留学生、专业英语达到八级水平的美女硕士也来报名当空姐！近日南方航空在全国的空姐招募活动火爆异常。南航方面预计，今年空姐招募将成为有史
4,scratch,42,教育/285246.txt,教育,教育,0.2504098117351532,True,金融风暴催生澳大利亚商业移民热潮,项目简介 此类别主要是指申请人以自己的专业技能为基础，同时获得指定地区州政府或亲属担保的技术移民。此类签证要求申请人必须要符合澳洲技术移民的基本要求并具备澳大利亚技术职业列表(SOL)中对应职业的
4,scratch,42,教育/285369.txt,教育,体育,0.2504507899284363,False,特别策划：爆笑连连的出国故事猜猜看,刚刚出国时想必哥们儿姐们儿都因为英文不好跟老外过招时发生过搞笑的故事吧？只有想不到，没有做不到。新浪出国为您收集了14则爆笑的故事，和大家一起分享，让我们共同回忆在国外那些懵懂、青涩但难忘的岁月。
4,scratch,42,教育/285374.txt,教育,教育,0.2504000663757324,True,《泰晤士报》2010年大学排行榜出炉,名校排行 继《卫报》推出2010年英国大学排名之后，英国《泰晤士报》近日也公布了该报新一年度的大学排名。和往年一样，牛津和剑桥两所老牌名校的仍然占据了综合排名的第一和第二头两把交椅，但今年的专业排
4,scratch,42,教育/285591.txt,教育,教育,0.25042998790740967,True,最新动态：赴美签证将准备“提速”,晨报讯 据透露，旨在提速中国公民办理赴美签证的新政策目前正在酝酿之中，新政出台后，中国学生办理赴美留学的速度将更快、名校选择更多、获取奖学金的机会也更大。 北京因私出入境行业协会秘书长、鲲鹏国际总
4,scratch,42,教育/285593.txt,教育,教育,0.25031647086143494,True,留学生：晒晒我在耶鲁创办的杂志(组图),在耶鲁大学，学生们很乐忠于创办各种杂志期刊。每学期，都会有2到4本新杂志创刊，但可惜大都以失败而告终。我似乎总是对自己写杂志有浓厚的兴趣，由于当年gap year的时候，我已经有过一些编写杂志的经历，
4,scratch,42,娱乐/131610.txt,娱乐,财经,0.25002458691596985,False,国家开发银行原副行长王益受贿一审被判死缓,新华网北京4月15日电(记者陈菲) 北京市第一中级人民法院15日上午对国家开发银行原副行长王益作出一审判决，认定王益犯受贿罪，判处死刑，缓期二年执行，剥夺政治权利终身，没收个人全部财产。 北京市第
4,scratch,42,娱乐/131740.txt,娱乐,教育,0.25037530064582825,False,新周刊：陆川解读南京--生死之城生死之问(图),南京大屠杀，是72年前的事。 侵华日军在1937年12月13日之后长达数月的屠杀，超过30万中国人成为冤魂。 在当代中国人的记忆里，没有什么比它更沉重。 忘记历史就意味着背叛——那么，我们
4,scratch,42,娱乐/131759.txt,娱乐,体育,0.2503376603126526,False,实录：《爱有来生》主创专访 段奕宏曝女友身份,新浪娱乐讯 演员俞飞鸿转型导演的电影处女作《爱有来生》即将于8月26日公映。本片是国内第一部为中国的七夕情人节量身订做的电影，也成为了今年暑期档电影票房争夺战中最后压轴上映的影片。而8月14日，影片导
4,scratch,42,娱乐/131805.txt,娱乐,教育,0.25033512711524963,False,精品购物指南：2011翻拍之春抑或榨干之冬(图),撰文/杜晋华 王子烨 白郁虹 吕佳 编辑/王子烨 看看2011的片单，翻拍，又见翻拍——“经典”中寻宝、各路热门改编、直接走进“2.0”时代。一个聂小倩、两队杨家将、两位杨子荣、三个李小龙、三桌鸿
4,scratch,42,娱乐/131865.txt,娱乐,教育,0.25016042590141296,False,陈木胜新片翻拍《一线生机》 大S古天乐出演,本报讯 （记者杨林）如果有一天你的手机接到陌生女子电话，要你帮之奔忙并营救她于水深火热，你会怎么办？最近古天乐()就遇到这样的麻烦事。翻拍自好莱坞制作《一线生机》的《保持通话》近日在香港开机，男主角是
4,scratch,42,娱乐/131933.txt,娱乐,体育,0.2501986622810364,False,《证人》杀青谢霆锋攀爬竹梯不畏惧(组图),视频：谢霆锋张家辉张静初主演《证人》杀青 新浪娱乐讯 谢霆锋( 听歌)、张家辉(听歌 blog)、张静初( blog)等终于结束了新片《证人》最后一场戏的拍摄，正式宣告杀青。 当问到有了家庭
4,scratch,42,娱乐/132127.txt,娱乐,教育,0.2502553164958954,False,《筑梦2008》代表中国内地“申奥”(图),新浪娱乐讯 代表中国内地角逐第81届奥斯卡()最佳外语片的影片已经敲定为奥运题材影片《筑梦2008》。今年传统大片都纷纷放弃“申奥”，《筑梦2008》在与《隐形的翅膀》、《一个人的奥林匹克》等“小片”
4,scratch,42,娱乐/132192.txt,娱乐,教育,0.25020426511764526,False,王晶易稿打动刘德华 耗资过亿打造《未来警探》,新浪娱乐讯 据台湾媒体报道，台湾学者电影公司老板蔡松林已确认投拍王晶()编导的新戏《未来警察》。该片阵容强大，投资达6亿台币(1.5亿人民币)，除请来奥运会开幕式空中特技总设计也是香港最知名武指之一的
4,scratch,42,娱乐/132421.txt,娱乐,体育,0.2502572536468506,False,魏德圣失落奖项不遗憾 新片与李安吴宇森合作,新浪娱乐讯 热爆电影《海角七号》导演魏德圣虽然在6日金马奖颁奖礼上失落最佳导演及最佳剧情片奖，却赢得更难能可贵的两个“导演”奖。他前晚在《海》片派对上，获李安赏脸出席，他说：“我很满足，对手是大制作，
4,scratch,42,娱乐/132573.txt,娱乐,教育,0.2502489984035492,False,吴宇森回应《赤壁》争议：其实，你不懂我的心,拍一次三国，发一次思古之豪情，这是众多电影人梦寐以求的事情。昨日下午，终于圆梦的吴宇森满脸喜气地携夫人牛春龙(blog)，主创张山、小宋佳以及主题曲演唱者四川姑娘阿兰亮相武侯祠，为新上映的《赤壁(下)
4,scratch,42,娱乐/132743.txt,娱乐,教育,0.2501816153526306,False,第三届亚洲电影大奖蒋雯丽周迅赵薇争影后,荆楚网消息 (楚天都市报) 前日，第三届亚洲电影大奖公布提名名单，中国的《梅兰芳》、《赤壁》，日本的《悬崖上的金鱼姬》获得最佳影片提名，成为该奖项最有力竞争者。 冯小刚、吴宇森分别凭《非诚勿扰》
4,scratch,42,娱乐/132751.txt,娱乐,体育,0.2501741647720337,False,《杜拉拉升职记》6月开拍 徐静蕾香港选景(图),新浪娱乐讯 由尔冬升执导，成龙、徐静蕾、吴彦祖、范冰冰主演的电影《新宿事件》于今天亮相香港国际电影节。之前有传闻她将执导拍摄电影版《杜拉拉升职记》也得到了徐静蕾本人的印证。徐静蕾透露，新片可能将在6月
8,pretrained,42,体育/100080.txt,体育,体育,0.9886537790298462,True,现场：阿联助攻帮队友腾飞 奇才半场落后骑士8分,新浪体育讯 第二节，阿联篮下出手，球磕框而出。两队急于进攻随后各出现一次低级失误，骑士率先找到节奏，连续两次进攻得手。 奇才则采用大个球员提到上线接球策应的战术，与沃尔挡拆配合后，阿联接到传球，但
8,pretrained,42,体育/100169.txt,体育,体育,0.9964772462844849,True,现场：皇帝吃火锅头箍被打掉 斯隆不满吃技术犯规,第三节比赛开始，爵士终于有所起色，内线的杰弗森和米尔萨普率先发威，各自拿下两分，此后，德隆接管比赛，先是一记中投命中，然后助攻米尔萨普上篮得分。比赛进行到还剩8分47秒，詹姆斯投篮不中，波什抢下前场篮
8,pretrained,42,体育/100243.txt,体育,体育,0.9864178895950317,True,勒夫31分31板轰跑尼克斯 纳什发飙太阳主场灭国王,新浪体育讯 北京时间11月13日，森林狼大将凯文-勒夫发飙，砍下31分31个篮板，森林狼击败尼克斯，取得二连胜；小牛在主场击退76人；太阳在主场拿下国王。以下是这三场比赛的综述： 尼克斯103-森
8,pretrained,42,体育/100269.txt,体育,体育,0.9589822888374329,True,勒夫31篮板表现刺激阿联队友 麦基发微博誓言爆发,新浪体育讯 北京时间11月14日消息，据《华盛顿邮报》报道，奇才中锋贾维尔-麦基昨天的比赛里只抢到了两个篮板球，这已经是他本赛季第二次如此尴尬。而他现在也放言保证要加强篮板球。 比赛结束后，心情郁
8,pretrained,42,体育/100471.txt,体育,体育,0.9937465190887451,True,现场：米勒挂彩激发火箭血性 状元打三分保住领先,新浪体育讯 北京时间11月20日消息，火箭今天继续客场之旅，在多伦多面对猛龙。火箭半场43比51落后对手。 下半场，主力悉数上阵。但是火箭仍旧在凭借罚球得分。不过斯科拉率先开火，上篮得手之后，马丁
8,pretrained,42,体育/100585.txt,体育,体育,0.9474501013755798,True,奇才悍将：让全明星赛一边去 我今晚真是打兴奋了,新浪体育讯 北京时间11月24日(华盛顿时间23日)华盛顿奇才队主场迎战费城76人。上一次遇到对手时，两队就打进了加时，今天更是将比赛的悬念延展到第53分钟。最终，奇才评价尼克-杨的三分球，以两分的优
8,pretrained,42,体育/100681.txt,体育,体育,0.9304923415184021,True,怪异!14.5秒科比两次绝杀不投 输球他仍能欣慰一笑,当时爵士领先2分，科比持球，按上赛季大伙习惯了的剧情，这该是“绝杀时刻”。可这次的版本却180度转变，飞侠连续两次都没有选择自己进攻，而是传球给了阿泰。第一次，阿泰底角运了一步但空位半截篮弹筐而出；第
8,pretrained,42,体育/100739.txt,体育,体育,0.7920174598693848,True,斯科特抱怨裁判被罚3万5 骑士主帅过嘴瘾钱包遭殃,新浪体育讯 北京时间11月29日消息，据美联社报道，联盟的执行副总裁斯图-杰克逊宣布，骑士主帅拜伦-斯科特因为公开指责裁判判罚不公而被罚款35000美元。 两天前骑士100-111不敌魔术，赛后斯
8,pretrained,42,体育/100794.txt,体育,体育,0.9950984120368958,True,调查-火箭客场完败于小牛 您如何评价他们的表现？,新浪体育讯 北京时间11月30日，得州内战，火箭在客场以91-101不敌小牛。 火箭(5-12)技不如人，早早缴械投降。凯文-马丁17分，路易斯-斯科拉15分5个篮板，替补出场的布拉德-米勒11分
8,pretrained,42,体育/101091.txt,体育,体育,0.9797558188438416,True,费舍尔绝杀差一点就被帽 禅师没有他俩我们赢不了,新浪体育讯 北京时间12月9日消息，比赛时间越来越少，德里克-费舍尔控球，这位36岁的老将没有像季后赛那样选择在外线投篮，他做了一个不同的抉择，他用突破抛投命中压哨球，这让洛杉矶湖人队以87比86险胜
8,pretrained,42,体育/101113.txt,体育,体育,0.912574052810669,True,疯狂专家谋划4队10人交易 火箭同时引进波什埃利斯,新浪体育讯 随着火箭强势反弹，火箭的各类新闻、流言也度过了平淡期，磨刀霍霍的杀了出来。一时间，各种交易线索交织在一起，煞是好看。其中《94red》的专职作者韦恩无疑是最疯狂的一位，他为火箭设计的交易计
8,pretrained,42,体育/101115.txt,体育,体育,0.8548871278762817,True,阿联直言打先发很淡定 湖人赛后经纪人找他谈合同,驻洛杉矶记者段冉12月8日报道 北京时间12月8日，斯台普斯中心的门前又呈现出赛季开幕战时的场面，门口早早就聚集了很多当地的中国球迷，那一场做客的是姚明，这一场，来的是阿联。 与湖人一战，由于先
8,pretrained,42,财经/799188.txt,财经,财经,0.8260802626609802,True,凶手持死者银行卡柜台提现 被害者家属状告银行,本报讯 (记者 于杰) 凶手杀人后用死者的银行卡在柜台成功提现6.3万元。凶手被执行死刑后，损失无法追回，被害者家属将凶手提现的农业银行顺义区支行告上法庭。昨天，此案在顺义法院开庭。 2006年7
8,pretrained,42,财经/799234.txt,财经,财经,0.7983976006507874,True,信用卡+工资卡 三招玩转信用卡理财,要玩转“信用卡”，需要“工资卡”的搭配。 首先，让自己的信用卡与借记卡挂钩起来，建立关联账户，这是信用卡还款的最佳方式。这主要是因为工资卡挂钩有定期的收入保证，保证了还款的及时性。不过，关联账户还
8,pretrained,42,财经/799258.txt,财经,财经,0.8912934064865112,True,五一刷卡谨防5%超限费 易引发滞纳金等费用,“五一”假期是都市人休息和休闲的好时光。随着假期的缩短，许多人的出游计划变为购物消费。而近年来信用卡成为越来越多成年人的消费首选。不过，如果持卡人不小心刷爆信用卡，很有可能被征收5%的超限费，甚至引发
8,pretrained,42,财经/799288.txt,财经,财经,0.5896545052528381,True,发卡量倒逼服务 招行信用卡艰难转身,本报记者 王芳艳 以信用卡发家的招商银行，在信用卡迅速扩张5年之后，犹如一头体重增长过快的大象，终于感到了前所未有的步履沉重。 到2008年8月，招行的信用卡发卡量飙升到2300万张卡，仅次于
8,pretrained,42,财经/799376.txt,财经,财经,0.9651718735694885,True,少还0.8元利息上千元 不同银行罚息差数万倍,文/表 记者方利平 少还几毛钱，却要按全额计付透支利息！在信用卡刷卡消费中，部分还款逾期却要按全额计息的规则，一直是个容易引起纠纷的话题。今年以来，部分银行将透支利息收取标准由全额计付改为部分计付
8,pretrained,42,财经/799462.txt,财经,财经,0.3719903826713562,True,布局民生 建行业务结构谋变,6月21日到6月27日期间，建行总行机构业务部相关负责人奔赴广东、陕西、重庆等地考察验收“民本通达”试点情况。在总结试点的经验教训后，该方案有望于2个月之内在建行全面推行。 据该方案研发团队主要成
8,pretrained,42,财经/799607.txt,财经,财经,0.8941055536270142,True,信贷趋紧下 银行贷款利率上浮,中小企业在一定程度上受影响，但贷款支持力度有望继续得到保证 沈易安 信贷从紧力度加大的情况下，以存贷差为主要利润来源的商业银行正面临严峻考验。《第一财经日报》近日从多家银行了解到，它们的贷款利
8,pretrained,42,财经/799690.txt,财经,财经,0.8423320651054382,True,银行理财晒中考成绩：仅信托和澳元产品出色,7月，不仅意味着2010年上半年已成为过去时，还标志着又到了银行理财产品晒出自己年中“中考”成绩单、投资者们检查和调整投资决策的时候。近期，国内某知名理财调查研究机构给出了一组数据：据不完全统计，今年
8,pretrained,42,财经/799898.txt,财经,财经,0.6151654124259949,True,银监会就发布商业银行声誉风险管理指引答问,银监会有关部门负责人就发布 《商业银行声誉风险管理指引》答记者问 近日，银监会发布了《商业银行声誉风险管理指引》(以下简称《管理指引》)，银监会有关负责人就相关问题回答了记者的提问。 问：
8,pretrained,42,财经/799959.txt,财经,财经,0.44465455412864685,True,银行职员私改密码致储户被骗28万元,□记者刘昌武韩景玮实习生李宾宾 通讯员张胜利 本报讯 明知朋友要诈骗他人钱财，荥阳市农行一职员还私自篡改储户的银行卡密码，致使储户被骗28万元。昨天，郑州市上街区法院审结一起诈骗案，分文未得的
8,pretrained,42,财经/799960.txt,财经,财经,0.4932039976119995,True,ATM又吐双倍钱 担心后患夫妻还钱要求立字据,记得以前有个人这样拿走十几万 如果当时找不到银行的人就打110 字据写明其他客户所做交易与他们无关 叹“做好事也不容易”出来打工只求安心 本报讯 (记者罗桦琳)按100元吐200元，按
8,pretrained,42,财经/800186.txt,财经,财经,0.8449485301971436,True,招行南京分行首套房贷利率上调至8折,近期关于房贷优惠政策收紧的传言在南京终于有了先例——招商银行南京分行昨天中午下发通知，明确了首套房贷利率优惠由原来的7折上调为8折，在认定上以家庭为单位，但如果首套房贷还清，再贷还是认定为首套房，11
8,pretrained,42,教育/284539.txt,教育,房产,0.4456263482570648,False,美国室友的独到见解：中国人都会功夫(图),那一年我去美国旅游，为了节省住宿费，我没住酒店，在加利福尼亚州的一个小镇上跟几个美国人合租一套公寓。那里在举办中国文化节，举办方在镇里的歌剧院组织了京剧、中国民乐表演，在镇中心广场舞起了狮子，当地电视
8,pretrained,42,教育/284583.txt,教育,教育,0.742752194404602,True,名师把脉：申请加拿大高额奖学金绝招,当申请奖学金的时候，你通常需要写一封信递交奖学金管理员咨询更多信息，要一张申请表或是简单地介绍一下自己。这是向管理员展示你是最佳候选人的绝好时机。所以在发信前花一些时间仔细斟酌，务必简明，扼要且信息全
8,pretrained,42,教育/284608.txt,教育,教育,0.9563279747962952,True,权威指导：如何面对留学签证中的拒签,留学签证被拒签是会遇到的一个问题，面对拒签，因为没有成功案例，大部分留学机构选择沉默，通常的做法是重新组织材料，再次申请。这样的结果常常是赔了签证费又耽误时间。 分析指出，目前签证还是由各国领事馆
8,pretrained,42,教育/284632.txt,教育,教育,0.2965017557144165,True,亲历：零距离接触纽宾士域省多元文化,据悉，由上海市因私出入境服务中心境外合作方：加拿大KBL顾问集团组织的第26批考察团已于上周末出发前，往加拿大东部的纽宾士域省展开为期10天的商务考察活动。据了解，此次考察团将走访纽宾士域省的代表性城
8,pretrained,42,教育/284829.txt,教育,教育,0.9254450798034668,True,出国留学：走出“高层次”择业之路,谈论留学绕不开就业的话题，因为留学是学子们日后高层次就业的人生路径。就此问题，将在7月10日至11日由本报社区版于上海图书馆举办的大型留学择业咨询会上亮相的沪上四大著名留学机构的老总们是如何看待的？
8,pretrained,42,教育/284956.txt,教育,教育,0.8894649744033813,True,打工族：新西兰推出“工作度假计划”,记者从广东侨谊海外交流服务中心获悉，根据2008年中国和新西兰签署的《中华人民共和国政府和新西兰政府自由贸易协定》，新西兰针对中国年轻人推出了一项“新西兰工作度假计划”。根据协议，新西兰每年将允许10
8,pretrained,42,教育/285067.txt,教育,时政,0.2825276851654053,False,梦想成真：美女海归也有“空姐梦”(组图),本报讯 (记者黄琮 通讯员邵富强、南宣摄影报道)研究人体DNA排列的留学生、专业英语达到八级水平的美女硕士也来报名当空姐！近日南方航空在全国的空姐招募活动火爆异常。南航方面预计，今年空姐招募将成为有史
8,pretrained,42,教育/285246.txt,教育,教育,0.9536595344543457,True,金融风暴催生澳大利亚商业移民热潮,项目简介 此类别主要是指申请人以自己的专业技能为基础，同时获得指定地区州政府或亲属担保的技术移民。此类签证要求申请人必须要符合澳洲技术移民的基本要求并具备澳大利亚技术职业列表(SOL)中对应职业的
8,pretrained,42,教育/285369.txt,教育,游戏,0.5252817273139954,False,特别策划：爆笑连连的出国故事猜猜看,刚刚出国时想必哥们儿姐们儿都因为英文不好跟老外过招时发生过搞笑的故事吧？只有想不到，没有做不到。新浪出国为您收集了14则爆笑的故事，和大家一起分享，让我们共同回忆在国外那些懵懂、青涩但难忘的岁月。
8,pretrained,42,教育/285374.txt,教育,教育,0.8843897581100464,True,《泰晤士报》2010年大学排行榜出炉,名校排行 继《卫报》推出2010年英国大学排名之后，英国《泰晤士报》近日也公布了该报新一年度的大学排名。和往年一样，牛津和剑桥两所老牌名校的仍然占据了综合排名的第一和第二头两把交椅，但今年的专业排
8,pretrained,42,教育/285591.txt,教育,教育,0.873528003692627,True,最新动态：赴美签证将准备“提速”,晨报讯 据透露，旨在提速中国公民办理赴美签证的新政策目前正在酝酿之中，新政出台后，中国学生办理赴美留学的速度将更快、名校选择更多、获取奖学金的机会也更大。 北京因私出入境行业协会秘书长、鲲鹏国际总
8,pretrained,42,教育/285593.txt,教育,游戏,0.5634971261024475,False,留学生：晒晒我在耶鲁创办的杂志(组图),在耶鲁大学，学生们很乐忠于创办各种杂志期刊。每学期，都会有2到4本新杂志创刊，但可惜大都以失败而告终。我似乎总是对自己写杂志有浓厚的兴趣，由于当年gap year的时候，我已经有过一些编写杂志的经历，
8,pretrained,42,娱乐/131610.txt,娱乐,时政,0.7057898044586182,False,国家开发银行原副行长王益受贿一审被判死缓,新华网北京4月15日电(记者陈菲) 北京市第一中级人民法院15日上午对国家开发银行原副行长王益作出一审判决，认定王益犯受贿罪，判处死刑，缓期二年执行，剥夺政治权利终身，没收个人全部财产。 北京市第
8,pretrained,42,娱乐/131740.txt,娱乐,科技,0.28727853298187256,False,新周刊：陆川解读南京--生死之城生死之问(图),南京大屠杀，是72年前的事。 侵华日军在1937年12月13日之后长达数月的屠杀，超过30万中国人成为冤魂。 在当代中国人的记忆里，没有什么比它更沉重。 忘记历史就意味着背叛——那么，我们
8,pretrained,42,娱乐/131759.txt,娱乐,娱乐,0.8487687706947327,True,实录：《爱有来生》主创专访 段奕宏曝女友身份,新浪娱乐讯 演员俞飞鸿转型导演的电影处女作《爱有来生》即将于8月26日公映。本片是国内第一部为中国的七夕情人节量身订做的电影，也成为了今年暑期档电影票房争夺战中最后压轴上映的影片。而8月14日，影片导
8,pretrained,42,娱乐/131805.txt,娱乐,娱乐,0.6627354025840759,True,精品购物指南：2011翻拍之春抑或榨干之冬(图),撰文/杜晋华 王子烨 白郁虹 吕佳 编辑/王子烨 看看2011的片单，翻拍，又见翻拍——“经典”中寻宝、各路热门改编、直接走进“2.0”时代。一个聂小倩、两队杨家将、两位杨子荣、三个李小龙、三桌鸿
8,pretrained,42,娱乐/131865.txt,娱乐,娱乐,0.8530321717262268,True,陈木胜新片翻拍《一线生机》 大S古天乐出演,本报讯 （记者杨林）如果有一天你的手机接到陌生女子电话，要你帮之奔忙并营救她于水深火热，你会怎么办？最近古天乐()就遇到这样的麻烦事。翻拍自好莱坞制作《一线生机》的《保持通话》近日在香港开机，男主角是
8,pretrained,42,娱乐/131933.txt,娱乐,娱乐,0.9808740019798279,True,《证人》杀青谢霆锋攀爬竹梯不畏惧(组图),视频：谢霆锋张家辉张静初主演《证人》杀青 新浪娱乐讯 谢霆锋( 听歌)、张家辉(听歌 blog)、张静初( blog)等终于结束了新片《证人》最后一场戏的拍摄，正式宣告杀青。 当问到有了家庭
8,pretrained,42,娱乐/132127.txt,娱乐,娱乐,0.7783759832382202,True,《筑梦2008》代表中国内地“申奥”(图),新浪娱乐讯 代表中国内地角逐第81届奥斯卡()最佳外语片的影片已经敲定为奥运题材影片《筑梦2008》。今年传统大片都纷纷放弃“申奥”，《筑梦2008》在与《隐形的翅膀》、《一个人的奥林匹克》等“小片”
8,pretrained,42,娱乐/132192.txt,娱乐,娱乐,0.9488289952278137,True,王晶易稿打动刘德华 耗资过亿打造《未来警探》,新浪娱乐讯 据台湾媒体报道，台湾学者电影公司老板蔡松林已确认投拍王晶()编导的新戏《未来警察》。该片阵容强大，投资达6亿台币(1.5亿人民币)，除请来奥运会开幕式空中特技总设计也是香港最知名武指之一的
8,pretrained,42,娱乐/132421.txt,娱乐,娱乐,0.9337860941886902,True,魏德圣失落奖项不遗憾 新片与李安吴宇森合作,新浪娱乐讯 热爆电影《海角七号》导演魏德圣虽然在6日金马奖颁奖礼上失落最佳导演及最佳剧情片奖，却赢得更难能可贵的两个“导演”奖。他前晚在《海》片派对上，获李安赏脸出席，他说：“我很满足，对手是大制作，
8,pretrained,42,娱乐/132573.txt,娱乐,娱乐,0.8323001861572266,True,吴宇森回应《赤壁》争议：其实，你不懂我的心,拍一次三国，发一次思古之豪情，这是众多电影人梦寐以求的事情。昨日下午，终于圆梦的吴宇森满脸喜气地携夫人牛春龙(blog)，主创张山、小宋佳以及主题曲演唱者四川姑娘阿兰亮相武侯祠，为新上映的《赤壁(下)
8,pretrained,42,娱乐/132743.txt,娱乐,娱乐,0.9632402062416077,True,第三届亚洲电影大奖蒋雯丽周迅赵薇争影后,荆楚网消息 (楚天都市报) 前日，第三届亚洲电影大奖公布提名名单，中国的《梅兰芳》、《赤壁》，日本的《悬崖上的金鱼姬》获得最佳影片提名，成为该奖项最有力竞争者。 冯小刚、吴宇森分别凭《非诚勿扰》
8,pretrained,42,娱乐/132751.txt,娱乐,娱乐,0.9497553706169128,True,《杜拉拉升职记》6月开拍 徐静蕾香港选景(图),新浪娱乐讯 由尔冬升执导，成龙、徐静蕾、吴彦祖、范冰冰主演的电影《新宿事件》于今天亮相香港国际电影节。之前有传闻她将执导拍摄电影版《杜拉拉升职记》也得到了徐静蕾本人的印证。徐静蕾透露，新片可能将在6月
8,pretrained,42,科技/481801.txt,科技,科技,0.41221389174461365,True,未来十大最具特色摩天大楼(组图),新浪科技讯 北京时间9月22日消息，据美国《大众机械》杂志报道，提起摩天大楼，人们自然而然会想到迪拜。这是因为迪拜塔在这个月成为世界上最高的建筑，尽管直到现在仍未竣工。 迪拜是世界建筑上的一个传奇
8,pretrained,42,科技/482102.txt,科技,科技,0.39563411474227905,True,英国明年将推三维立体电视节目(组图),拍摄三维立体画面使用的两台摄像机 英国广播公司播出的苏格兰队在六国橄榄球锦标赛中击败英格兰队比赛的三维立体节目画面 新浪科技讯 北京时间12月19日消息，据英国《每日邮报》报道，英国天空电视台
8,pretrained,42,科技/482208.txt,科技,教育,0.4864720106124878,False,英美科学家联合研发新型增强记忆力药物,新浪科技讯 北京时间1月20日消息，据英国《泰晤士报》报道，英国和美国医药公司正在研发一系列具有可提高记忆力的潜能的药物，它们声称，不久后人们就可以利用这种药物在工作或者考试中取得更好的成绩。 虽
8,pretrained,42,科技/482213.txt,科技,科技,0.3407895863056183,True,南极探秘之旅抵达蓬塔 夏天感受刺骨寒流(图),蓬塔惟一的中国餐馆彩虹餐厅，专做南极游客生意 南极探秘之旅抵达“南极前哨”蓬塔，在南半球夏天感受刺骨寒流 蓬塔：离祖国最远 离南极最近 本报讯 在西班牙语中，“蓬塔”是“顶端”的意思，蓬塔
8,pretrained,42,科技/482274.txt,科技,科技,0.8870680332183838,True,美再度推迟发现号航天飞机发射,新华网华盛顿2月7日电（记者任海军）美国宇航局7日发布消息说，由于需要更多时间对“发现”号航天飞机的飞行控制阀进行安全评估，“发现”号的发射日期将继续推迟。 美宇航局说，目前“发现”号最早可能于2
8,pretrained,42,科技/482388.txt,科技,科技,0.9155995845794678,True,英国科学家征集鬼照欲解灵异现象(组图),古城堡孩子在火炮前玩耍，前面出现一个透明的“无头军人” 美国一地下室内出现的所谓“幽灵鬼怪” 女生合影中，在大腿之中出现了神秘的小孩面孔 一个奇异的“鬼怪”出现在土耳其安卡拉的一个建筑物上 这
8,pretrained,42,科技/482422.txt,科技,科技,0.7526264190673828,True,马来西亚世界首家猩猩育婴院探秘(图),马来西亚猩猩育婴院里的猩猩享人类待遇、憨态可掬 位于马来西亚丛林的武吉美拉湖自然风景区里有一家新生儿看护医院，但是这里看护的对象不是人类的小宝宝，而是红毛猩猩的幼崽，它是世界上唯一的红毛猩猩育婴医
8,pretrained,42,科技/482471.txt,科技,科技,0.8477416634559631,True,3500年前埃及女法老香水有望重现人世(图),埃及女王哈特舍普苏特的木乃伊 埃及女王的金属罐 这名强悍的埃及女王对埃及的统治从公元前约1479年开始，统治时间长达20多年。最近，德国波恩大学埃及博物馆的研究人员对这位著名女王的一个金属罐进
8,pretrained,42,科技/482563.txt,科技,科技,0.5487401485443115,True,荷兰调查发现适量饮葡萄酒有助男性益寿,新华网北京5月3日电 荷兰研究者的一项调查显示，每天适量喝葡萄酒有助于男性保健益寿。这一结果可能与葡萄酒有助降低患心脏病的风险有关。 荷兰瓦赫宁恩大学的研究人员根据当地的医疗档案，选择了1373名
8,pretrained,42,科技/482742.txt,科技,科技,0.4349287152290344,True,美科学家苦心研制时间机器为见去世父亲(图),新浪科技讯 北京时间6月25日消息 据美国广播公司报道，对一些人来说，时间旅行的想法就是白日做梦；然而对另一些人来说，时间旅行属于科学范畴。但是对美国物理学家罗纳德·马利特(Ronald Mallet
8,pretrained,42,科技/482816.txt,科技,科技,0.9307056069374084,True,日本科学家发现人体能发出可见光(图),人体发光 新浪科技讯 北京时间7月23日消息，据美国生活科学网报道，科学家发现，人体会发光，可以发出一种微弱的可见光，光的强度在一天内起伏波动。 之前的研究已经发现，身体会发光，只是比我们肉眼
8,pretrained,42,科技/482864.txt,科技,科技,0.4873098134994507,True,美国小猎犬过26岁生日成最长寿的狗(组图),新浪科技讯 北京时间8月11日消息 据英国《每日邮报》报道，9日，美国路易斯安那州杂种小猎犬“马克斯”迎来自己的26岁生日，就此成为“世界上最长寿狗”这一头衔的有力争夺者。 如果按狗龄计算的话，现
8,pretrained,42,房产/264441.txt,房产,房产,0.9242911338806152,True,四方桥公园地产华瀚国际现房直降98折(图),3、华瀚国际 (论坛 相册 户型 样板间 地图搜索) 推荐理由：四方区域地标、四座公园环抱 华瀚国际目前仅剩一套南向72平米一居，总价185万。其余在售户型还有220-280平米大户型，均价2
8,pretrained,42,房产/264447.txt,房产,房产,0.9664965271949768,True,大宁山庄3期新房源均价9200元,10、大宁山庄 (论坛 相册 户型 样板间 地图搜索) 图为大宁山庄项目实景图 大宁山庄三期2009年10月底开盘销售。 三期为6层低密度花园洋房，1梯2户，目前在售户型面积仅剩三居145平方米，
8,pretrained,42,房产/264595.txt,房产,房产,0.740659773349762,True,埃及多方出击应对住房危机,过去，埃及的城镇住房以独门独院的平房为主，富裕的人家盖两层小楼。上世纪七十年代以来城市人口剧增，仅开罗市就有1500万人，占全国人口的四分之一，城市问题越来越严重，其中最突出的就是住房危机。埃及政府采
8,pretrained,42,房产/264650.txt,房产,房产,0.8492265939712524,True,物业管理合同签订注意事项,主持人：刚才你也谈到，在物业管理的过程中，物业公司和业主一定要依据合同办事。我们再来谈一下关于和物业公司签合同的情况，国良作为一个过来的业主，在签物业管理合同时要注意什么呢？ 相国良：其实主持人问
8,pretrained,42,房产/264749.txt,房产,房产,0.8005226850509644,True,东亚新华：客户积累是企业生存的保障,韩磊：所以我们花了很长时间去谈，谈完以后我们做了一个服务手册，上面都有明示。我们也为业主做了一个VIP卡，你只要出示这个VIP卡就可以享受到优惠。 第二，普发银行也找到我们，他们也找我们进行合作。
8,pretrained,42,房产/264755.txt,房产,房产,0.8733855485916138,True,预告：26日陈艳萍讲述保利垄上的热销精神,"进入09年之后，保利地产(企业专区,旗下楼盘)在全国各地的销售形势均十分良好，市场份额不断攀升。据不完全统计，2009年3月，保利地产在所进驻城市的市场份额与2008年同期均大幅上升。其中，一线城市市"
8,pretrained,42,房产/265243.txt,房产,房产,0.7117380499839783,True,高居欠税榜表明房企很差钱,本报讯 (记者鲁欢)近日，北京、广州两地地税局都公布了最新欠税公告，欠税大户多是房地产开发企业，北京9家欠税大户，房企占了7家，广州10家欠税大户，房企占了9家。业内人士认为，房企频现欠税榜，是从去年
8,pretrained,42,房产/265415.txt,房产,房产,0.5869040489196777,True,超级大盘股中国建筑获IPO批文 拟募资426亿,作者 申屠青南 中证网讯 中国建筑的保荐机构10日向中国证券报记者证实，中国建筑已在10日获得IPO批文，并将在13日刊登《招股说明书》启动发行工作。中国建筑是IPO重启后，第六家获得IPO批文的
8,pretrained,42,房产/265436.txt,房产,财经,0.5783047676086426,False,碧桂园销售数据打架 半年88亿遭质疑,"作者：武瑾莹 碧桂园(企业专区,旗下楼盘)本月的公司通讯原计划是在下周才对外发布，但在今日就提前发布似乎是为了回应近日对其销售状况的有关质疑。 7月15日，碧桂园发布了最新的公司通讯，据碧桂园"
8,pretrained,42,房产/265449.txt,房产,财经,0.541642427444458,False,中报揭示贫富分化 楼市回暖捧红四大天王业绩,在过去一年，中国楼市经历了从持续观望到交易火爆的“过山车”式反转，也让本来硝烟弥漫的房地产业竞争愈发激烈。房地产上市公司中报预报显示，以“招(商)、保(利)、万(科)、金(地)”为龙头的房地产“四大天
8,pretrained,42,房产/265497.txt,房产,房产,0.8153870701789856,True,雅居乐一年时间仅拿一块地,"每经实习记者 朱玲 发自广州 楼市向好，各家开发商都在积极囤地之际，“华南五虎”之一的雅居乐地产(企业专区,旗下楼盘)却是不慌不忙。从去年7月到今年7月一年的时间，仅仅拿下广东佛山南海区一幅地块，"
8,pretrained,42,房产/265599.txt,房产,财经,0.48833155632019043,False,地产股不差钱 万科获建行授信500亿,每经记者 李文艺 发自成都 今日，房地产龙头企业万科A(000002，SZ)发布公告称，已与建设银行签署了 《战略合作协议》，建设银行将向公司提供授信额度500亿元人民币。据了解，这是继2007年
8,pretrained,42,游戏/406490.txt,游戏,游戏,0.9858707189559937,True,《反恐行动OL》电子竞技大赛周赛战报,【富贵兵团】 80084 58569 66562 73380 神秘 73050 54806 60680 59560 [狼族] 58037 40011 53319 52865 羲战队 45918
8,pretrained,42,游戏/406677.txt,游戏,游戏,0.7867990136146545,True,820寻找强援 全新EHOME将成型,在确认了Burning和KingJ离队之后，EHOME俱乐部经理71以及战队队长820立刻连夜开始寻找替代他们的选手的行动中，到现在，尚未有官方新闻爆出。不过在小编与相关人士的交谈中，对方表示全新EH
8,pretrained,42,游戏/407056.txt,游戏,体育,0.7087841629981995,False,台湾电竞 S&K联赛报道第21场战况报道,【台湾电竞联盟台湾游戏网专稿】 SF“特种部队”项目，本场比赛交战地图是“阿富汗”，由于地图狭小，2队都摆出了“5步枪”的阵形，先攻的曜越太阳神，在“闷骚步枪手”Hydra(周仕杰)开局的1打2领
8,pretrained,42,游戏/407140.txt,游戏,财经,0.5134710073471069,False,摩根士坦利：完美时空股价被低估建议增持,新浪科技讯 北京时间5月19日早间消息，据国外媒体报道，摩根士丹利今天发表报告称，《神鬼传奇》和《诛仙》将推动完美时空业绩继续增长，并认为其现时股价被低估，对其股票评级为“增持”(Overweight
8,pretrained,42,游戏/407162.txt,游戏,游戏,0.9740752577781677,True,红楼梦、新绝之鱼戏江湖开始网上预购,"娱乐通研发，游戏天堂发行,最新加入“王牌vs王牌”系列产品《红楼梦》《新绝代双骄之鱼戏江湖篇》简体中文版即将在2009年新年1月上市！ 这两款最后加入“王牌VS王牌”系列的产品现已在寰宇之星网上商"
8,pretrained,42,游戏/407222.txt,游戏,游戏,0.9253520965576172,True,《科林麦克雷：尘埃2》今年9月发售,开发商Codemasters于旧金山游戏日“San Francisco Gamers Day”公布了旗下越野竞速大作《科林麦克雷拉力赛之尘埃2(Colin McRae: DiRT 2)》的发售日期，该
8,pretrained,42,游戏/407249.txt,游戏,游戏,0.9199881553649902,True,格斗游戏《奇诺冲突》Steam预售开始,这款名字很奇怪的游戏《奇诺冲突》(Zeno Clash)应该没有多少玩家听说过，这是一款由ACE Team开发的动作格斗游戏，而ACE Team也是业界新兵，本作是ACE Team的首部游戏。 由
8,pretrained,42,游戏/407254.txt,游戏,游戏,0.8606923818588257,True,虚幻引擎3动作游戏《黑光》新作公布,曾经开发过多款大受好评电脑军事游戏的美国Zombie Studios公司，日前宣布与福克斯电影合作，将会进行一项跨平台的游戏开发计划，两家公司将会合作开发一款科幻战争动作游戏《黑光》(Blacklig
8,pretrained,42,游戏/407401.txt,游戏,游戏,0.8795124292373657,True,EA红杉海岸工作室更名 专注动作游戏,EA公司今天宣布了一项关于旗下工作室的消息，EA的红杉海岸工作室(EA Redwood Shores Studio)现在更名为Visceral Games。 “Visceral”这个词的意思是“内
8,pretrained,42,游戏/407431.txt,游戏,游戏,0.5374633073806763,True,《街头霸王4》美版白送游戏专用手把,CAPCOM最近宣布，他们全球热卖破200万套的格斗超大作《街头霸王4》将会在7月2日推出PC版本，北美区预计7月7日推出，而且同捆一支由美国Mad Catz公司推出的专用格斗手把，虽然多了手把但售价
8,pretrained,42,游戏/407489.txt,游戏,游戏,0.505034327507019,True,植物逆袭！环境危机《地球不再》公布,芬兰游戏公司Recoil Games日前表示，原本开发《永远的毁灭公爵》的美国3D Realms公司在前一阵宣布倒闭，不过他们在2007年接受委托开发的新射击游戏《地球不再》(Earth No Mor
8,pretrained,42,游戏/407519.txt,游戏,游戏,0.9687936305999756,True,老式机动车赛车游戏《火焰爆发》公布,Black Inc.宣布将发行一款越野赛车游戏《火焰爆发》(Fireburst)，本作由exDream负责开发，采用虚幻引擎3开发。 本作是一款非常规的赛车游戏，游戏的赛道都设定在贫瘠的沙石地上，
8,pretrained,42,时政/339771.txt,时政,时政,0.8117502331733704,True,美军F-15E战机在阿富汗坠毁2人死亡(图),新华网喀布尔7月18日电 驻阿富汗美军18日说，美军一架F－15E战斗机当天在阿富汗东部坠毁，造成两名机组人员死亡。 美军发表声明说，这架飞机当天凌晨在阿富汗东部执行作战任务时坠毁，但“并非被地面
8,pretrained,42,时政/339791.txt,时政,时政,0.46147873997688293,True,美国拟开发出口型F-22隐形战机销售给日本(图),人民网9月12日讯 美国会参议院拨款委员会近日通过决议，敦促美空军投资研发“出口型”F-22“猛禽”隐身战机，以便满足日本、以色列和澳大利亚等盟友装备这种战机的“迫切需求”。此前，美国会参众两院曾通过
8,pretrained,42,时政/340097.txt,时政,时政,0.5634686946868896,True,陈水扁当局任内债台高筑,人民网7月30日电 台“审计部”二零零七年度“中央”总决算审核报告昨天出炉，报告指出，当局债务逐年攀升，一年以上债务余额从二零零二年底的二兆八三一七亿元，遽增到二零零七年底的三兆六一四四亿余元，仅利息
8,pretrained,42,时政/340103.txt,时政,时政,0.9064069986343384,True,台湾水利官员涉嫌接受性招待被起诉,【新民网讯】台湾检察机关近日查出，当局水利部门官员涉嫌接受厂商性招待、喝花酒、违法更改设计、追加预算图利承包商，7月30日检方将许哲彦等六名官商依贪污罪起诉，检察官痛批“根本就是豆腐渣工程！” 来
8,pretrained,42,时政/340147.txt,时政,时政,0.3649193346500397,True,黄华麒出任香港广播处长,中新网8月7日电 据香港特区政府网站消息，香港特区政府7日宣布，经进行公开及内部招聘后，现委任黄华麒为广播处长。他将于2008年8月8日履新。 香港公务员事务局局长俞宗怡对黄华麒的任命表示欢迎，她
8,pretrained,42,时政/340201.txt,时政,时政,0.6375036239624023,True,澳门立会签署特首选举法审议意见书,中新网8月18日电 据澳门日报报道，澳门立法会第二常设委员会日前签署了《行政长官选举法》法案审议意见书。特区政府最后与委员会达共识，修改行文，订明适用例外制度的可能性，明确犯罪未遂仅在某些被视为较严重
8,pretrained,42,时政/340240.txt,时政,时政,0.9049097895622253,True,商务部新三定方案获批 成立反垄断局,新华网北京8月23日电（记者 王优玲）记者23日从商务部获悉，商务部新“三定”方案获国务院批准。根据商务部公布的《商务部主要职责内设机构和人员编制规定》，商务部成立反垄断局，“承担《反垄断法》规定的国
8,pretrained,42,时政/340348.txt,时政,时政,0.8968105912208557,True,江丙坤结束对日本访问返台,中新网8月29日电 国民党副主席江丙坤日前率团前往日本访问，今天搭机返台，他说，此行主要拜会日本各主要政党说明目前的两岸关系，日方也欢迎内定“驻日代表”人选。 据“中央社”报道，江丙坤25日率团前
8,pretrained,42,时政/340490.txt,时政,时政,0.5297598838806152,True,武汉市纪委累计为387名受诬告者澄清问题,本报武汉9月7日电（记者雷宇）“我们决不放过一个腐败分子，也不能让好人受冤枉。”武汉市纪委日前通报，去年以来，该市纪委在加大反腐力度的同时，也为387名受到诬告错告的同志澄清了问题。 去年以来，武
8,pretrained,42,时政/340532.txt,时政,时政,0.3566659092903137,True,审计署：审计涵盖救灾款物接收和发放渠道,新华网北京9月10日专电 9月10日15时，审计署副审计长余效明接受中国政府网专访，就“加强救灾款物发放审计，提高救灾款物使用效率”与网友在线交流。 [网友 友力]汶川地震发生后，社会各界通过各种
8,pretrained,42,时政/340798.txt,时政,时政,0.8747637867927551,True,国务院督查组到河北督促检查婴幼儿奶粉事件,新华网石家庄9月26日电（记者吕国庆）国务院督查组一行8人，26日来到河北省对婴幼儿奶粉事件处置情况进行专项督查。 卫生部副部长刘谦一行8人，当日下午听取了河北省有关人员对婴幼儿奶粉的处置情况的汇
8,pretrained,42,时政/340889.txt,时政,时政,0.8045770525932312,True,农业部部长称将奶站100%纳入监管,中新网10月4日电 中国农业部部长孙政才强调，要不折不扣地完成奶站清理整顿各项任务，10月5日前要完成奶站登记造册，将奶站100%纳入监管范围，规范奶站资质和条件。严厉打击违法添加三聚氰胺等有毒有害物
8,scratch,42,体育/100080.txt,体育,体育,0.125301331281662,True,现场：阿联助攻帮队友腾飞 奇才半场落后骑士8分,新浪体育讯 第二节，阿联篮下出手，球磕框而出。两队急于进攻随后各出现一次低级失误，骑士率先找到节奏，连续两次进攻得手。 奇才则采用大个球员提到上线接球策应的战术，与沃尔挡拆配合后，阿联接到传球，但
8,scratch,42,体育/100169.txt,体育,体育,0.12562280893325806,True,现场：皇帝吃火锅头箍被打掉 斯隆不满吃技术犯规,第三节比赛开始，爵士终于有所起色，内线的杰弗森和米尔萨普率先发威，各自拿下两分，此后，德隆接管比赛，先是一记中投命中，然后助攻米尔萨普上篮得分。比赛进行到还剩8分47秒，詹姆斯投篮不中，波什抢下前场篮
8,scratch,42,体育/100243.txt,体育,体育,0.12549959123134613,True,勒夫31分31板轰跑尼克斯 纳什发飙太阳主场灭国王,新浪体育讯 北京时间11月13日，森林狼大将凯文-勒夫发飙，砍下31分31个篮板，森林狼击败尼克斯，取得二连胜；小牛在主场击退76人；太阳在主场拿下国王。以下是这三场比赛的综述： 尼克斯103-森
8,scratch,42,体育/100269.txt,体育,体育,0.12612707912921906,True,勒夫31篮板表现刺激阿联队友 麦基发微博誓言爆发,新浪体育讯 北京时间11月14日消息，据《华盛顿邮报》报道，奇才中锋贾维尔-麦基昨天的比赛里只抢到了两个篮板球，这已经是他本赛季第二次如此尴尬。而他现在也放言保证要加强篮板球。 比赛结束后，心情郁
8,scratch,42,体育/100471.txt,体育,体育,0.12571436166763306,True,现场：米勒挂彩激发火箭血性 状元打三分保住领先,新浪体育讯 北京时间11月20日消息，火箭今天继续客场之旅，在多伦多面对猛龙。火箭半场43比51落后对手。 下半场，主力悉数上阵。但是火箭仍旧在凭借罚球得分。不过斯科拉率先开火，上篮得手之后，马丁
8,scratch,42,体育/100585.txt,体育,体育,0.12603923678398132,True,奇才悍将：让全明星赛一边去 我今晚真是打兴奋了,新浪体育讯 北京时间11月24日(华盛顿时间23日)华盛顿奇才队主场迎战费城76人。上一次遇到对手时，两队就打进了加时，今天更是将比赛的悬念延展到第53分钟。最终，奇才评价尼克-杨的三分球，以两分的优
8,scratch,42,体育/100681.txt,体育,体育,0.12594830989837646,True,怪异!14.5秒科比两次绝杀不投 输球他仍能欣慰一笑,当时爵士领先2分，科比持球，按上赛季大伙习惯了的剧情，这该是“绝杀时刻”。可这次的版本却180度转变，飞侠连续两次都没有选择自己进攻，而是传球给了阿泰。第一次，阿泰底角运了一步但空位半截篮弹筐而出；第
8,scratch,42,体育/100739.txt,体育,体育,0.12581877410411835,True,斯科特抱怨裁判被罚3万5 骑士主帅过嘴瘾钱包遭殃,新浪体育讯 北京时间11月29日消息，据美联社报道，联盟的执行副总裁斯图-杰克逊宣布，骑士主帅拜伦-斯科特因为公开指责裁判判罚不公而被罚款35000美元。 两天前骑士100-111不敌魔术，赛后斯
8,scratch,42,体育/100794.txt,体育,体育,0.12564368546009064,True,调查-火箭客场完败于小牛 您如何评价他们的表现？,新浪体育讯 北京时间11月30日，得州内战，火箭在客场以91-101不敌小牛。 火箭(5-12)技不如人，早早缴械投降。凯文-马丁17分，路易斯-斯科拉15分5个篮板，替补出场的布拉德-米勒11分
8,scratch,42,体育/101091.txt,体育,体育,0.12598741054534912,True,费舍尔绝杀差一点就被帽 禅师没有他俩我们赢不了,新浪体育讯 北京时间12月9日消息，比赛时间越来越少，德里克-费舍尔控球，这位36岁的老将没有像季后赛那样选择在外线投篮，他做了一个不同的抉择，他用突破抛投命中压哨球，这让洛杉矶湖人队以87比86险胜
8,scratch,42,体育/101113.txt,体育,游戏,0.12587058544158936,False,疯狂专家谋划4队10人交易 火箭同时引进波什埃利斯,新浪体育讯 随着火箭强势反弹，火箭的各类新闻、流言也度过了平淡期，磨刀霍霍的杀了出来。一时间，各种交易线索交织在一起，煞是好看。其中《94red》的专职作者韦恩无疑是最疯狂的一位，他为火箭设计的交易计
8,scratch,42,体育/101115.txt,体育,体育,0.12591342628002167,True,阿联直言打先发很淡定 湖人赛后经纪人找他谈合同,驻洛杉矶记者段冉12月8日报道 北京时间12月8日，斯台普斯中心的门前又呈现出赛季开幕战时的场面，门口早早就聚集了很多当地的中国球迷，那一场做客的是姚明，这一场，来的是阿联。 与湖人一战，由于先
8,scratch,42,财经/799188.txt,财经,科技,0.12529076635837555,False,凶手持死者银行卡柜台提现 被害者家属状告银行,本报讯 (记者 于杰) 凶手杀人后用死者的银行卡在柜台成功提现6.3万元。凶手被执行死刑后，损失无法追回，被害者家属将凶手提现的农业银行顺义区支行告上法庭。昨天，此案在顺义法院开庭。 2006年7
8,scratch,42,财经/799234.txt,财经,游戏,0.12576991319656372,False,信用卡+工资卡 三招玩转信用卡理财,要玩转“信用卡”，需要“工资卡”的搭配。 首先，让自己的信用卡与借记卡挂钩起来，建立关联账户，这是信用卡还款的最佳方式。这主要是因为工资卡挂钩有定期的收入保证，保证了还款的及时性。不过，关联账户还
8,scratch,42,财经/799258.txt,财经,科技,0.1255500763654709,False,五一刷卡谨防5%超限费 易引发滞纳金等费用,“五一”假期是都市人休息和休闲的好时光。随着假期的缩短，许多人的出游计划变为购物消费。而近年来信用卡成为越来越多成年人的消费首选。不过，如果持卡人不小心刷爆信用卡，很有可能被征收5%的超限费，甚至引发
8,scratch,42,财经/799288.txt,财经,游戏,0.12563975155353546,False,发卡量倒逼服务 招行信用卡艰难转身,本报记者 王芳艳 以信用卡发家的招商银行，在信用卡迅速扩张5年之后，犹如一头体重增长过快的大象，终于感到了前所未有的步履沉重。 到2008年8月，招行的信用卡发卡量飙升到2300万张卡，仅次于
8,scratch,42,财经/799376.txt,财经,科技,0.1254357248544693,False,少还0.8元利息上千元 不同银行罚息差数万倍,文/表 记者方利平 少还几毛钱，却要按全额计付透支利息！在信用卡刷卡消费中，部分还款逾期却要按全额计息的规则，一直是个容易引起纠纷的话题。今年以来，部分银行将透支利息收取标准由全额计付改为部分计付
8,scratch,42,财经/799462.txt,财经,科技,0.1254606992006302,False,布局民生 建行业务结构谋变,6月21日到6月27日期间，建行总行机构业务部相关负责人奔赴广东、陕西、重庆等地考察验收“民本通达”试点情况。在总结试点的经验教训后，该方案有望于2个月之内在建行全面推行。 据该方案研发团队主要成
8,scratch,42,财经/799607.txt,财经,科技,0.12538543343544006,False,信贷趋紧下 银行贷款利率上浮,中小企业在一定程度上受影响，但贷款支持力度有望继续得到保证 沈易安 信贷从紧力度加大的情况下，以存贷差为主要利润来源的商业银行正面临严峻考验。《第一财经日报》近日从多家银行了解到，它们的贷款利
8,scratch,42,财经/799690.txt,财经,科技,0.1254628449678421,False,银行理财晒中考成绩：仅信托和澳元产品出色,7月，不仅意味着2010年上半年已成为过去时，还标志着又到了银行理财产品晒出自己年中“中考”成绩单、投资者们检查和调整投资决策的时候。近期，国内某知名理财调查研究机构给出了一组数据：据不完全统计，今年
8,scratch,42,财经/799898.txt,财经,游戏,0.12545426189899445,False,银监会就发布商业银行声誉风险管理指引答问,银监会有关部门负责人就发布 《商业银行声誉风险管理指引》答记者问 近日，银监会发布了《商业银行声誉风险管理指引》(以下简称《管理指引》)，银监会有关负责人就相关问题回答了记者的提问。 问：
8,scratch,42,财经/799959.txt,财经,科技,0.125223770737648,False,银行职员私改密码致储户被骗28万元,□记者刘昌武韩景玮实习生李宾宾 通讯员张胜利 本报讯 明知朋友要诈骗他人钱财，荥阳市农行一职员还私自篡改储户的银行卡密码，致使储户被骗28万元。昨天，郑州市上街区法院审结一起诈骗案，分文未得的
8,scratch,42,财经/799960.txt,财经,体育,0.12550605833530426,False,ATM又吐双倍钱 担心后患夫妻还钱要求立字据,记得以前有个人这样拿走十几万 如果当时找不到银行的人就打110 字据写明其他客户所做交易与他们无关 叹“做好事也不容易”出来打工只求安心 本报讯 (记者罗桦琳)按100元吐200元，按
8,scratch,42,财经/800186.txt,财经,游戏,0.1253889501094818,False,招行南京分行首套房贷利率上调至8折,近期关于房贷优惠政策收紧的传言在南京终于有了先例——招商银行南京分行昨天中午下发通知，明确了首套房贷利率优惠由原来的7折上调为8折，在认定上以家庭为单位，但如果首套房贷还清，再贷还是认定为首套房，11
8,scratch,42,教育/284539.txt,教育,体育,0.12560926377773285,False,美国室友的独到见解：中国人都会功夫(图),那一年我去美国旅游，为了节省住宿费，我没住酒店，在加利福尼亚州的一个小镇上跟几个美国人合租一套公寓。那里在举办中国文化节，举办方在镇里的歌剧院组织了京剧、中国民乐表演，在镇中心广场舞起了狮子，当地电视
8,scratch,42,教育/284583.txt,教育,科技,0.12579822540283203,False,名师把脉：申请加拿大高额奖学金绝招,当申请奖学金的时候，你通常需要写一封信递交奖学金管理员咨询更多信息，要一张申请表或是简单地介绍一下自己。这是向管理员展示你是最佳候选人的绝好时机。所以在发信前花一些时间仔细斟酌，务必简明，扼要且信息全
8,scratch,42,教育/284608.txt,教育,科技,0.12616033852100372,False,权威指导：如何面对留学签证中的拒签,留学签证被拒签是会遇到的一个问题，面对拒签，因为没有成功案例，大部分留学机构选择沉默，通常的做法是重新组织材料，再次申请。这样的结果常常是赔了签证费又耽误时间。 分析指出，目前签证还是由各国领事馆
8,scratch,42,教育/284632.txt,教育,游戏,0.12599363923072815,False,亲历：零距离接触纽宾士域省多元文化,据悉，由上海市因私出入境服务中心境外合作方：加拿大KBL顾问集团组织的第26批考察团已于上周末出发前，往加拿大东部的纽宾士域省展开为期10天的商务考察活动。据了解，此次考察团将走访纽宾士域省的代表性城
8,scratch,42,教育/284829.txt,教育,游戏,0.12579363584518433,False,出国留学：走出“高层次”择业之路,谈论留学绕不开就业的话题，因为留学是学子们日后高层次就业的人生路径。就此问题，将在7月10日至11日由本报社区版于上海图书馆举办的大型留学择业咨询会上亮相的沪上四大著名留学机构的老总们是如何看待的？
8,scratch,42,教育/284956.txt,教育,科技,0.12542681396007538,False,打工族：新西兰推出“工作度假计划”,记者从广东侨谊海外交流服务中心获悉，根据2008年中国和新西兰签署的《中华人民共和国政府和新西兰政府自由贸易协定》，新西兰针对中国年轻人推出了一项“新西兰工作度假计划”。根据协议，新西兰每年将允许10
8,scratch,42,教育/285067.txt,教育,游戏,0.1256113052368164,False,梦想成真：美女海归也有“空姐梦”(组图),本报讯 (记者黄琮 通讯员邵富强、南宣摄影报道)研究人体DNA排列的留学生、专业英语达到八级水平的美女硕士也来报名当空姐！近日南方航空在全国的空姐招募活动火爆异常。南航方面预计，今年空姐招募将成为有史
8,scratch,42,教育/285246.txt,教育,游戏,0.1257535219192505,False,金融风暴催生澳大利亚商业移民热潮,项目简介 此类别主要是指申请人以自己的专业技能为基础，同时获得指定地区州政府或亲属担保的技术移民。此类签证要求申请人必须要符合澳洲技术移民的基本要求并具备澳大利亚技术职业列表(SOL)中对应职业的
8,scratch,42,教育/285369.txt,教育,体育,0.12580110132694244,False,特别策划：爆笑连连的出国故事猜猜看,刚刚出国时想必哥们儿姐们儿都因为英文不好跟老外过招时发生过搞笑的故事吧？只有想不到，没有做不到。新浪出国为您收集了14则爆笑的故事，和大家一起分享，让我们共同回忆在国外那些懵懂、青涩但难忘的岁月。
8,scratch,42,教育/285374.txt,教育,科技,0.1257152408361435,False,《泰晤士报》2010年大学排行榜出炉,名校排行 继《卫报》推出2010年英国大学排名之后，英国《泰晤士报》近日也公布了该报新一年度的大学排名。和往年一样，牛津和剑桥两所老牌名校的仍然占据了综合排名的第一和第二头两把交椅，但今年的专业排
8,scratch,42,教育/285591.txt,教育,游戏,0.12576211988925934,False,最新动态：赴美签证将准备“提速”,晨报讯 据透露，旨在提速中国公民办理赴美签证的新政策目前正在酝酿之中，新政出台后，中国学生办理赴美留学的速度将更快、名校选择更多、获取奖学金的机会也更大。 北京因私出入境行业协会秘书长、鲲鹏国际总
8,scratch,42,教育/285593.txt,教育,游戏,0.12580932676792145,False,留学生：晒晒我在耶鲁创办的杂志(组图),在耶鲁大学，学生们很乐忠于创办各种杂志期刊。每学期，都会有2到4本新杂志创刊，但可惜大都以失败而告终。我似乎总是对自己写杂志有浓厚的兴趣，由于当年gap year的时候，我已经有过一些编写杂志的经历，
8,scratch,42,娱乐/131610.txt,娱乐,时政,0.12511302530765533,False,国家开发银行原副行长王益受贿一审被判死缓,新华网北京4月15日电(记者陈菲) 北京市第一中级人民法院15日上午对国家开发银行原副行长王益作出一审判决，认定王益犯受贿罪，判处死刑，缓期二年执行，剥夺政治权利终身，没收个人全部财产。 北京市第
8,scratch,42,娱乐/131740.txt,娱乐,游戏,0.12603113055229187,False,新周刊：陆川解读南京--生死之城生死之问(图),南京大屠杀，是72年前的事。 侵华日军在1937年12月13日之后长达数月的屠杀，超过30万中国人成为冤魂。 在当代中国人的记忆里，没有什么比它更沉重。 忘记历史就意味着背叛——那么，我们
8,scratch,42,娱乐/131759.txt,娱乐,游戏,0.1258535236120224,False,实录：《爱有来生》主创专访 段奕宏曝女友身份,新浪娱乐讯 演员俞飞鸿转型导演的电影处女作《爱有来生》即将于8月26日公映。本片是国内第一部为中国的七夕情人节量身订做的电影，也成为了今年暑期档电影票房争夺战中最后压轴上映的影片。而8月14日，影片导
8,scratch,42,娱乐/131805.txt,娱乐,游戏,0.12597699463367462,False,精品购物指南：2011翻拍之春抑或榨干之冬(图),撰文/杜晋华 王子烨 白郁虹 吕佳 编辑/王子烨 看看2011的片单，翻拍，又见翻拍——“经典”中寻宝、各路热门改编、直接走进“2.0”时代。一个聂小倩、两队杨家将、两位杨子荣、三个李小龙、三桌鸿
8,scratch,42,娱乐/131865.txt,娱乐,科技,0.12553957104682922,False,陈木胜新片翻拍《一线生机》 大S古天乐出演,本报讯 （记者杨林）如果有一天你的手机接到陌生女子电话，要你帮之奔忙并营救她于水深火热，你会怎么办？最近古天乐()就遇到这样的麻烦事。翻拍自好莱坞制作《一线生机》的《保持通话》近日在香港开机，男主角是
8,scratch,42,娱乐/131933.txt,娱乐,体育,0.12553197145462036,False,《证人》杀青谢霆锋攀爬竹梯不畏惧(组图),视频：谢霆锋张家辉张静初主演《证人》杀青 新浪娱乐讯 谢霆锋( 听歌)、张家辉(听歌 blog)、张静初( blog)等终于结束了新片《证人》最后一场戏的拍摄，正式宣告杀青。 当问到有了家庭
8,scratch,42,娱乐/132127.txt,娱乐,游戏,0.1256566196680069,False,《筑梦2008》代表中国内地“申奥”(图),新浪娱乐讯 代表中国内地角逐第81届奥斯卡()最佳外语片的影片已经敲定为奥运题材影片《筑梦2008》。今年传统大片都纷纷放弃“申奥”，《筑梦2008》在与《隐形的翅膀》、《一个人的奥林匹克》等“小片”
8,scratch,42,娱乐/132192.txt,娱乐,游戏,0.125569686293602,False,王晶易稿打动刘德华 耗资过亿打造《未来警探》,新浪娱乐讯 据台湾媒体报道，台湾学者电影公司老板蔡松林已确认投拍王晶()编导的新戏《未来警察》。该片阵容强大，投资达6亿台币(1.5亿人民币)，除请来奥运会开幕式空中特技总设计也是香港最知名武指之一的
8,scratch,42,娱乐/132421.txt,娱乐,体育,0.12544214725494385,False,魏德圣失落奖项不遗憾 新片与李安吴宇森合作,新浪娱乐讯 热爆电影《海角七号》导演魏德圣虽然在6日金马奖颁奖礼上失落最佳导演及最佳剧情片奖，却赢得更难能可贵的两个“导演”奖。他前晚在《海》片派对上，获李安赏脸出席，他说：“我很满足，对手是大制作，
8,scratch,42,娱乐/132573.txt,娱乐,科技,0.12574374675750732,False,吴宇森回应《赤壁》争议：其实，你不懂我的心,拍一次三国，发一次思古之豪情，这是众多电影人梦寐以求的事情。昨日下午，终于圆梦的吴宇森满脸喜气地携夫人牛春龙(blog)，主创张山、小宋佳以及主题曲演唱者四川姑娘阿兰亮相武侯祠，为新上映的《赤壁(下)
8,scratch,42,娱乐/132743.txt,娱乐,游戏,0.12546224892139435,False,第三届亚洲电影大奖蒋雯丽周迅赵薇争影后,荆楚网消息 (楚天都市报) 前日，第三届亚洲电影大奖公布提名名单，中国的《梅兰芳》、《赤壁》，日本的《悬崖上的金鱼姬》获得最佳影片提名，成为该奖项最有力竞争者。 冯小刚、吴宇森分别凭《非诚勿扰》
8,scratch,42,娱乐/132751.txt,娱乐,体育,0.12541323900222778,False,《杜拉拉升职记》6月开拍 徐静蕾香港选景(图),新浪娱乐讯 由尔冬升执导，成龙、徐静蕾、吴彦祖、范冰冰主演的电影《新宿事件》于今天亮相香港国际电影节。之前有传闻她将执导拍摄电影版《杜拉拉升职记》也得到了徐静蕾本人的印证。徐静蕾透露，新片可能将在6月
8,scratch,42,科技/481801.txt,科技,游戏,0.12594284117221832,False,未来十大最具特色摩天大楼(组图),新浪科技讯 北京时间9月22日消息，据美国《大众机械》杂志报道，提起摩天大楼，人们自然而然会想到迪拜。这是因为迪拜塔在这个月成为世界上最高的建筑，尽管直到现在仍未竣工。 迪拜是世界建筑上的一个传奇
8,scratch,42,科技/482102.txt,科技,科技,0.12565407156944275,True,英国明年将推三维立体电视节目(组图),拍摄三维立体画面使用的两台摄像机 英国广播公司播出的苏格兰队在六国橄榄球锦标赛中击败英格兰队比赛的三维立体节目画面 新浪科技讯 北京时间12月19日消息，据英国《每日邮报》报道，英国天空电视台
8,scratch,42,科技/482208.txt,科技,科技,0.1257878839969635,True,英美科学家联合研发新型增强记忆力药物,新浪科技讯 北京时间1月20日消息，据英国《泰晤士报》报道，英国和美国医药公司正在研发一系列具有可提高记忆力的潜能的药物，它们声称，不久后人们就可以利用这种药物在工作或者考试中取得更好的成绩。 虽
8,scratch,42,科技/482213.txt,科技,游戏,0.12582483887672424,False,南极探秘之旅抵达蓬塔 夏天感受刺骨寒流(图),蓬塔惟一的中国餐馆彩虹餐厅，专做南极游客生意 南极探秘之旅抵达“南极前哨”蓬塔，在南半球夏天感受刺骨寒流 蓬塔：离祖国最远 离南极最近 本报讯 在西班牙语中，“蓬塔”是“顶端”的意思，蓬塔
8,scratch,42,科技/482274.txt,科技,科技,0.12533560395240784,True,美再度推迟发现号航天飞机发射,新华网华盛顿2月7日电（记者任海军）美国宇航局7日发布消息说，由于需要更多时间对“发现”号航天飞机的飞行控制阀进行安全评估，“发现”号的发射日期将继续推迟。 美宇航局说，目前“发现”号最早可能于2
8,scratch,42,科技/482388.txt,科技,科技,0.12591570615768433,True,英国科学家征集鬼照欲解灵异现象(组图),古城堡孩子在火炮前玩耍，前面出现一个透明的“无头军人” 美国一地下室内出现的所谓“幽灵鬼怪” 女生合影中，在大腿之中出现了神秘的小孩面孔 一个奇异的“鬼怪”出现在土耳其安卡拉的一个建筑物上 这
8,scratch,42,科技/482422.txt,科技,科技,0.1258636862039566,True,马来西亚世界首家猩猩育婴院探秘(图),马来西亚猩猩育婴院里的猩猩享人类待遇、憨态可掬 位于马来西亚丛林的武吉美拉湖自然风景区里有一家新生儿看护医院，但是这里看护的对象不是人类的小宝宝，而是红毛猩猩的幼崽，它是世界上唯一的红毛猩猩育婴医
8,scratch,42,科技/482471.txt,科技,科技,0.1258007436990738,True,3500年前埃及女法老香水有望重现人世(图),埃及女王哈特舍普苏特的木乃伊 埃及女王的金属罐 这名强悍的埃及女王对埃及的统治从公元前约1479年开始，统治时间长达20多年。最近，德国波恩大学埃及博物馆的研究人员对这位著名女王的一个金属罐进
8,scratch,42,科技/482563.txt,科技,科技,0.1258321851491928,True,荷兰调查发现适量饮葡萄酒有助男性益寿,新华网北京5月3日电 荷兰研究者的一项调查显示，每天适量喝葡萄酒有助于男性保健益寿。这一结果可能与葡萄酒有助降低患心脏病的风险有关。 荷兰瓦赫宁恩大学的研究人员根据当地的医疗档案，选择了1373名
8,scratch,42,科技/482742.txt,科技,体育,0.12584443390369415,False,美科学家苦心研制时间机器为见去世父亲(图),新浪科技讯 北京时间6月25日消息 据美国广播公司报道，对一些人来说，时间旅行的想法就是白日做梦；然而对另一些人来说，时间旅行属于科学范畴。但是对美国物理学家罗纳德·马利特(Ronald Mallet
8,scratch,42,科技/482816.txt,科技,科技,0.12597450613975525,True,日本科学家发现人体能发出可见光(图),人体发光 新浪科技讯 北京时间7月23日消息，据美国生活科学网报道，科学家发现，人体会发光，可以发出一种微弱的可见光，光的强度在一天内起伏波动。 之前的研究已经发现，身体会发光，只是比我们肉眼
8,scratch,42,科技/482864.txt,科技,科技,0.12571559846401215,True,美国小猎犬过26岁生日成最长寿的狗(组图),新浪科技讯 北京时间8月11日消息 据英国《每日邮报》报道，9日，美国路易斯安那州杂种小猎犬“马克斯”迎来自己的26岁生日，就此成为“世界上最长寿狗”这一头衔的有力争夺者。 如果按狗龄计算的话，现
8,scratch,42,房产/264441.txt,房产,游戏,0.1251116544008255,False,四方桥公园地产华瀚国际现房直降98折(图),3、华瀚国际 (论坛 相册 户型 样板间 地图搜索) 推荐理由：四方区域地标、四座公园环抱 华瀚国际目前仅剩一套南向72平米一居，总价185万。其余在售户型还有220-280平米大户型，均价2
8,scratch,42,房产/264447.txt,房产,游戏,0.1251525580883026,False,大宁山庄3期新房源均价9200元,10、大宁山庄 (论坛 相册 户型 样板间 地图搜索) 图为大宁山庄项目实景图 大宁山庄三期2009年10月底开盘销售。 三期为6层低密度花园洋房，1梯2户，目前在售户型面积仅剩三居145平方米，
8,scratch,42,房产/264595.txt,房产,游戏,0.1254824697971344,False,埃及多方出击应对住房危机,过去，埃及的城镇住房以独门独院的平房为主，富裕的人家盖两层小楼。上世纪七十年代以来城市人口剧增，仅开罗市就有1500万人，占全国人口的四分之一，城市问题越来越严重，其中最突出的就是住房危机。埃及政府采
8,scratch,42,房产/264650.txt,房产,游戏,0.1258922964334488,False,物业管理合同签订注意事项,主持人：刚才你也谈到，在物业管理的过程中，物业公司和业主一定要依据合同办事。我们再来谈一下关于和物业公司签合同的情况，国良作为一个过来的业主，在签物业管理合同时要注意什么呢？ 相国良：其实主持人问
8,scratch,42,房产/264749.txt,房产,游戏,0.126002699136734,False,东亚新华：客户积累是企业生存的保障,韩磊：所以我们花了很长时间去谈，谈完以后我们做了一个服务手册，上面都有明示。我们也为业主做了一个VIP卡，你只要出示这个VIP卡就可以享受到优惠。 第二，普发银行也找到我们，他们也找我们进行合作。
8,scratch,42,房产/264755.txt,房产,游戏,0.1252140998840332,False,预告：26日陈艳萍讲述保利垄上的热销精神,"进入09年之后，保利地产(企业专区,旗下楼盘)在全国各地的销售形势均十分良好，市场份额不断攀升。据不完全统计，2009年3月，保利地产在所进驻城市的市场份额与2008年同期均大幅上升。其中，一线城市市"
8,scratch,42,房产/265243.txt,房产,游戏,0.12527602910995483,False,高居欠税榜表明房企很差钱,本报讯 (记者鲁欢)近日，北京、广州两地地税局都公布了最新欠税公告，欠税大户多是房地产开发企业，北京9家欠税大户，房企占了7家，广州10家欠税大户，房企占了9家。业内人士认为，房企频现欠税榜，是从去年
8,scratch,42,房产/265415.txt,房产,游戏,0.1253376305103302,False,超级大盘股中国建筑获IPO批文 拟募资426亿,作者 申屠青南 中证网讯 中国建筑的保荐机构10日向中国证券报记者证实，中国建筑已在10日获得IPO批文，并将在13日刊登《招股说明书》启动发行工作。中国建筑是IPO重启后，第六家获得IPO批文的
8,scratch,42,房产/265436.txt,房产,游戏,0.12543000280857086,False,碧桂园销售数据打架 半年88亿遭质疑,"作者：武瑾莹 碧桂园(企业专区,旗下楼盘)本月的公司通讯原计划是在下周才对外发布，但在今日就提前发布似乎是为了回应近日对其销售状况的有关质疑。 7月15日，碧桂园发布了最新的公司通讯，据碧桂园"
8,scratch,42,房产/265449.txt,房产,游戏,0.1254677027463913,False,中报揭示贫富分化 楼市回暖捧红四大天王业绩,在过去一年，中国楼市经历了从持续观望到交易火爆的“过山车”式反转，也让本来硝烟弥漫的房地产业竞争愈发激烈。房地产上市公司中报预报显示，以“招(商)、保(利)、万(科)、金(地)”为龙头的房地产“四大天
8,scratch,42,房产/265497.txt,房产,游戏,0.12537577748298645,False,雅居乐一年时间仅拿一块地,"每经实习记者 朱玲 发自广州 楼市向好，各家开发商都在积极囤地之际，“华南五虎”之一的雅居乐地产(企业专区,旗下楼盘)却是不慌不忙。从去年7月到今年7月一年的时间，仅仅拿下广东佛山南海区一幅地块，"
8,scratch,42,房产/265599.txt,房产,游戏,0.12545146048069,False,地产股不差钱 万科获建行授信500亿,每经记者 李文艺 发自成都 今日，房地产龙头企业万科A(000002，SZ)发布公告称，已与建设银行签署了 《战略合作协议》，建设银行将向公司提供授信额度500亿元人民币。据了解，这是继2007年
8,scratch,42,游戏/406490.txt,游戏,游戏,0.12580011785030365,True,《反恐行动OL》电子竞技大赛周赛战报,【富贵兵团】 80084 58569 66562 73380 神秘 73050 54806 60680 59560 [狼族] 58037 40011 53319 52865 羲战队 45918
8,scratch,42,游戏/406677.txt,游戏,体育,0.12561564147472382,False,820寻找强援 全新EHOME将成型,在确认了Burning和KingJ离队之后，EHOME俱乐部经理71以及战队队长820立刻连夜开始寻找替代他们的选手的行动中，到现在，尚未有官方新闻爆出。不过在小编与相关人士的交谈中，对方表示全新EH
8,scratch,42,游戏/407056.txt,游戏,游戏,0.1256924569606781,True,台湾电竞 S&K联赛报道第21场战况报道,【台湾电竞联盟台湾游戏网专稿】 SF“特种部队”项目，本场比赛交战地图是“阿富汗”，由于地图狭小，2队都摆出了“5步枪”的阵形，先攻的曜越太阳神，在“闷骚步枪手”Hydra(周仕杰)开局的1打2领
8,scratch,42,游戏/407140.txt,游戏,游戏,0.12527194619178772,True,摩根士坦利：完美时空股价被低估建议增持,新浪科技讯 北京时间5月19日早间消息，据国外媒体报道，摩根士丹利今天发表报告称，《神鬼传奇》和《诛仙》将推动完美时空业绩继续增长，并认为其现时股价被低估，对其股票评级为“增持”(Overweight
8,scratch,42,游戏/407162.txt,游戏,游戏,0.1252332478761673,True,红楼梦、新绝之鱼戏江湖开始网上预购,"娱乐通研发，游戏天堂发行,最新加入“王牌vs王牌”系列产品《红楼梦》《新绝代双骄之鱼戏江湖篇》简体中文版即将在2009年新年1月上市！ 这两款最后加入“王牌VS王牌”系列的产品现已在寰宇之星网上商"
8,scratch,42,游戏/407222.txt,游戏,游戏,0.12561951577663422,True,《科林麦克雷：尘埃2》今年9月发售,开发商Codemasters于旧金山游戏日“San Francisco Gamers Day”公布了旗下越野竞速大作《科林麦克雷拉力赛之尘埃2(Colin McRae: DiRT 2)》的发售日期，该
8,scratch,42,游戏/407249.txt,游戏,游戏,0.1259847730398178,True,格斗游戏《奇诺冲突》Steam预售开始,这款名字很奇怪的游戏《奇诺冲突》(Zeno Clash)应该没有多少玩家听说过，这是一款由ACE Team开发的动作格斗游戏，而ACE Team也是业界新兵，本作是ACE Team的首部游戏。 由
8,scratch,42,游戏/407254.txt,游戏,游戏,0.12591534852981567,True,虚幻引擎3动作游戏《黑光》新作公布,曾经开发过多款大受好评电脑军事游戏的美国Zombie Studios公司，日前宣布与福克斯电影合作，将会进行一项跨平台的游戏开发计划，两家公司将会合作开发一款科幻战争动作游戏《黑光》(Blacklig
8,scratch,42,游戏/407401.txt,游戏,游戏,0.12567681074142456,True,EA红杉海岸工作室更名 专注动作游戏,EA公司今天宣布了一项关于旗下工作室的消息，EA的红杉海岸工作室(EA Redwood Shores Studio)现在更名为Visceral Games。 “Visceral”这个词的意思是“内
8,scratch,42,游戏/407431.txt,游戏,游戏,0.12544062733650208,True,《街头霸王4》美版白送游戏专用手把,CAPCOM最近宣布，他们全球热卖破200万套的格斗超大作《街头霸王4》将会在7月2日推出PC版本，北美区预计7月7日推出，而且同捆一支由美国Mad Catz公司推出的专用格斗手把，虽然多了手把但售价
8,scratch,42,游戏/407489.txt,游戏,游戏,0.12579573690891266,True,植物逆袭！环境危机《地球不再》公布,芬兰游戏公司Recoil Games日前表示，原本开发《永远的毁灭公爵》的美国3D Realms公司在前一阵宣布倒闭，不过他们在2007年接受委托开发的新射击游戏《地球不再》(Earth No Mor
8,scratch,42,游戏/407519.txt,游戏,游戏,0.12600639462471008,True,老式机动车赛车游戏《火焰爆发》公布,Black Inc.宣布将发行一款越野赛车游戏《火焰爆发》(Fireburst)，本作由exDream负责开发，采用虚幻引擎3开发。 本作是一款非常规的赛车游戏，游戏的赛道都设定在贫瘠的沙石地上，
8,scratch,42,时政/339771.txt,时政,体育,0.12517273426055908,False,美军F-15E战机在阿富汗坠毁2人死亡(图),新华网喀布尔7月18日电 驻阿富汗美军18日说，美军一架F－15E战斗机当天在阿富汗东部坠毁，造成两名机组人员死亡。 美军发表声明说，这架飞机当天凌晨在阿富汗东部执行作战任务时坠毁，但“并非被地面
8,scratch,42,时政/339791.txt,时政,科技,0.12552128732204437,False,美国拟开发出口型F-22隐形战机销售给日本(图),人民网9月12日讯 美国会参议院拨款委员会近日通过决议，敦促美空军投资研发“出口型”F-22“猛禽”隐身战机，以便满足日本、以色列和澳大利亚等盟友装备这种战机的“迫切需求”。此前，美国会参众两院曾通过
8,scratch,42,时政/340097.txt,时政,科技,0.1252109408378601,False,陈水扁当局任内债台高筑,人民网7月30日电 台“审计部”二零零七年度“中央”总决算审核报告昨天出炉，报告指出，当局债务逐年攀升，一年以上债务余额从二零零二年底的二兆八三一七亿元，遽增到二零零七年底的三兆六一四四亿余元，仅利息
8,scratch,42,时政/340103.txt,时政,科技,0.12506599724292755,False,台湾水利官员涉嫌接受性招待被起诉,【新民网讯】台湾检察机关近日查出，当局水利部门官员涉嫌接受厂商性招待、喝花酒、违法更改设计、追加预算图利承包商，7月30日检方将许哲彦等六名官商依贪污罪起诉，检察官痛批“根本就是豆腐渣工程！” 来
8,scratch,42,时政/340147.txt,时政,科技,0.1257966160774231,False,黄华麒出任香港广播处长,中新网8月7日电 据香港特区政府网站消息，香港特区政府7日宣布，经进行公开及内部招聘后，现委任黄华麒为广播处长。他将于2008年8月8日履新。 香港公务员事务局局长俞宗怡对黄华麒的任命表示欢迎，她
8,scratch,42,时政/340201.txt,时政,科技,0.12572908401489258,False,澳门立会签署特首选举法审议意见书,中新网8月18日电 据澳门日报报道，澳门立法会第二常设委员会日前签署了《行政长官选举法》法案审议意见书。特区政府最后与委员会达共识，修改行文，订明适用例外制度的可能性，明确犯罪未遂仅在某些被视为较严重
8,scratch,42,时政/340240.txt,时政,科技,0.12533575296401978,False,商务部新三定方案获批 成立反垄断局,新华网北京8月23日电（记者 王优玲）记者23日从商务部获悉，商务部新“三定”方案获国务院批准。根据商务部公布的《商务部主要职责内设机构和人员编制规定》，商务部成立反垄断局，“承担《反垄断法》规定的国
8,scratch,42,时政/340348.txt,时政,科技,0.12546613812446594,False,江丙坤结束对日本访问返台,中新网8月29日电 国民党副主席江丙坤日前率团前往日本访问，今天搭机返台，他说，此行主要拜会日本各主要政党说明目前的两岸关系，日方也欢迎内定“驻日代表”人选。 据“中央社”报道，江丙坤25日率团前
8,scratch,42,时政/340490.txt,时政,科技,0.1257040947675705,False,武汉市纪委累计为387名受诬告者澄清问题,本报武汉9月7日电（记者雷宇）“我们决不放过一个腐败分子，也不能让好人受冤枉。”武汉市纪委日前通报，去年以来，该市纪委在加大反腐力度的同时，也为387名受到诬告错告的同志澄清了问题。 去年以来，武
8,scratch,42,时政/340532.txt,时政,科技,0.12560878694057465,False,审计署：审计涵盖救灾款物接收和发放渠道,新华网北京9月10日专电 9月10日15时，审计署副审计长余效明接受中国政府网专访，就“加强救灾款物发放审计，提高救灾款物使用效率”与网友在线交流。 [网友 友力]汶川地震发生后，社会各界通过各种
8,scratch,42,时政/340798.txt,时政,游戏,0.12550823390483856,False,国务院督查组到河北督促检查婴幼儿奶粉事件,新华网石家庄9月26日电（记者吕国庆）国务院督查组一行8人，26日来到河北省对婴幼儿奶粉事件处置情况进行专项督查。 卫生部副部长刘谦一行8人，当日下午听取了河北省有关人员对婴幼儿奶粉的处置情况的汇
8,scratch,42,时政/340889.txt,时政,科技,0.1253248155117035,False,农业部部长称将奶站100%纳入监管,中新网10月4日电 中国农业部部长孙政才强调，要不折不扣地完成奶站清理整顿各项任务，10月5日前要完成奶站登记造册，将奶站100%纳入监管范围，规范奶站资质和条件。严厉打击违法添加三聚氰胺等有毒有害物
2,pretrained,43,体育/100080.txt,体育,体育,0.9971724152565002,True,现场：阿联助攻帮队友腾飞 奇才半场落后骑士8分,新浪体育讯 第二节，阿联篮下出手，球磕框而出。两队急于进攻随后各出现一次低级失误，骑士率先找到节奏，连续两次进攻得手。 奇才则采用大个球员提到上线接球策应的战术，与沃尔挡拆配合后，阿联接到传球，但
2,pretrained,43,体育/100169.txt,体育,体育,0.9982849359512329,True,现场：皇帝吃火锅头箍被打掉 斯隆不满吃技术犯规,第三节比赛开始，爵士终于有所起色，内线的杰弗森和米尔萨普率先发威，各自拿下两分，此后，德隆接管比赛，先是一记中投命中，然后助攻米尔萨普上篮得分。比赛进行到还剩8分47秒，詹姆斯投篮不中，波什抢下前场篮
2,pretrained,43,体育/100243.txt,体育,体育,0.9938057661056519,True,勒夫31分31板轰跑尼克斯 纳什发飙太阳主场灭国王,新浪体育讯 北京时间11月13日，森林狼大将凯文-勒夫发飙，砍下31分31个篮板，森林狼击败尼克斯，取得二连胜；小牛在主场击退76人；太阳在主场拿下国王。以下是这三场比赛的综述： 尼克斯103-森
2,pretrained,43,体育/100269.txt,体育,体育,0.9940688610076904,True,勒夫31篮板表现刺激阿联队友 麦基发微博誓言爆发,新浪体育讯 北京时间11月14日消息，据《华盛顿邮报》报道，奇才中锋贾维尔-麦基昨天的比赛里只抢到了两个篮板球，这已经是他本赛季第二次如此尴尬。而他现在也放言保证要加强篮板球。 比赛结束后，心情郁
2,pretrained,43,体育/100471.txt,体育,体育,0.9972301721572876,True,现场：米勒挂彩激发火箭血性 状元打三分保住领先,新浪体育讯 北京时间11月20日消息，火箭今天继续客场之旅，在多伦多面对猛龙。火箭半场43比51落后对手。 下半场，主力悉数上阵。但是火箭仍旧在凭借罚球得分。不过斯科拉率先开火，上篮得手之后，马丁
2,pretrained,43,体育/100585.txt,体育,体育,0.9927495121955872,True,奇才悍将：让全明星赛一边去 我今晚真是打兴奋了,新浪体育讯 北京时间11月24日(华盛顿时间23日)华盛顿奇才队主场迎战费城76人。上一次遇到对手时，两队就打进了加时，今天更是将比赛的悬念延展到第53分钟。最终，奇才评价尼克-杨的三分球，以两分的优
2,pretrained,43,体育/100681.txt,体育,体育,0.9939994812011719,True,怪异!14.5秒科比两次绝杀不投 输球他仍能欣慰一笑,当时爵士领先2分，科比持球，按上赛季大伙习惯了的剧情，这该是“绝杀时刻”。可这次的版本却180度转变，飞侠连续两次都没有选择自己进攻，而是传球给了阿泰。第一次，阿泰底角运了一步但空位半截篮弹筐而出；第
2,pretrained,43,体育/100739.txt,体育,体育,0.9506509900093079,True,斯科特抱怨裁判被罚3万5 骑士主帅过嘴瘾钱包遭殃,新浪体育讯 北京时间11月29日消息，据美联社报道，联盟的执行副总裁斯图-杰克逊宣布，骑士主帅拜伦-斯科特因为公开指责裁判判罚不公而被罚款35000美元。 两天前骑士100-111不敌魔术，赛后斯
2,pretrained,43,体育/100794.txt,体育,体育,0.9970753788948059,True,调查-火箭客场完败于小牛 您如何评价他们的表现？,新浪体育讯 北京时间11月30日，得州内战，火箭在客场以91-101不敌小牛。 火箭(5-12)技不如人，早早缴械投降。凯文-马丁17分，路易斯-斯科拉15分5个篮板，替补出场的布拉德-米勒11分
2,pretrained,43,体育/101091.txt,体育,体育,0.9968934655189514,True,费舍尔绝杀差一点就被帽 禅师没有他俩我们赢不了,新浪体育讯 北京时间12月9日消息，比赛时间越来越少，德里克-费舍尔控球，这位36岁的老将没有像季后赛那样选择在外线投篮，他做了一个不同的抉择，他用突破抛投命中压哨球，这让洛杉矶湖人队以87比86险胜
2,pretrained,43,体育/101113.txt,体育,体育,0.9920542240142822,True,疯狂专家谋划4队10人交易 火箭同时引进波什埃利斯,新浪体育讯 随着火箭强势反弹，火箭的各类新闻、流言也度过了平淡期，磨刀霍霍的杀了出来。一时间，各种交易线索交织在一起，煞是好看。其中《94red》的专职作者韦恩无疑是最疯狂的一位，他为火箭设计的交易计
2,pretrained,43,体育/101115.txt,体育,体育,0.9883819222450256,True,阿联直言打先发很淡定 湖人赛后经纪人找他谈合同,驻洛杉矶记者段冉12月8日报道 北京时间12月8日，斯台普斯中心的门前又呈现出赛季开幕战时的场面，门口早早就聚集了很多当地的中国球迷，那一场做客的是姚明，这一场，来的是阿联。 与湖人一战，由于先
2,pretrained,43,财经/799188.txt,财经,财经,0.981548547744751,True,凶手持死者银行卡柜台提现 被害者家属状告银行,本报讯 (记者 于杰) 凶手杀人后用死者的银行卡在柜台成功提现6.3万元。凶手被执行死刑后，损失无法追回，被害者家属将凶手提现的农业银行顺义区支行告上法庭。昨天，此案在顺义法院开庭。 2006年7
2,pretrained,43,财经/799234.txt,财经,财经,0.9951769113540649,True,信用卡+工资卡 三招玩转信用卡理财,要玩转“信用卡”，需要“工资卡”的搭配。 首先，让自己的信用卡与借记卡挂钩起来，建立关联账户，这是信用卡还款的最佳方式。这主要是因为工资卡挂钩有定期的收入保证，保证了还款的及时性。不过，关联账户还
2,pretrained,43,财经/799258.txt,财经,财经,0.9955384135246277,True,五一刷卡谨防5%超限费 易引发滞纳金等费用,“五一”假期是都市人休息和休闲的好时光。随着假期的缩短，许多人的出游计划变为购物消费。而近年来信用卡成为越来越多成年人的消费首选。不过，如果持卡人不小心刷爆信用卡，很有可能被征收5%的超限费，甚至引发
2,pretrained,43,财经/799288.txt,财经,财经,0.9369422197341919,True,发卡量倒逼服务 招行信用卡艰难转身,本报记者 王芳艳 以信用卡发家的招商银行，在信用卡迅速扩张5年之后，犹如一头体重增长过快的大象，终于感到了前所未有的步履沉重。 到2008年8月，招行的信用卡发卡量飙升到2300万张卡，仅次于
2,pretrained,43,财经/799376.txt,财经,财经,0.9971027374267578,True,少还0.8元利息上千元 不同银行罚息差数万倍,文/表 记者方利平 少还几毛钱，却要按全额计付透支利息！在信用卡刷卡消费中，部分还款逾期却要按全额计息的规则，一直是个容易引起纠纷的话题。今年以来，部分银行将透支利息收取标准由全额计付改为部分计付
2,pretrained,43,财经/799462.txt,财经,财经,0.9883389472961426,True,布局民生 建行业务结构谋变,6月21日到6月27日期间，建行总行机构业务部相关负责人奔赴广东、陕西、重庆等地考察验收“民本通达”试点情况。在总结试点的经验教训后，该方案有望于2个月之内在建行全面推行。 据该方案研发团队主要成
2,pretrained,43,财经/799607.txt,财经,财经,0.9944446682929993,True,信贷趋紧下 银行贷款利率上浮,中小企业在一定程度上受影响，但贷款支持力度有望继续得到保证 沈易安 信贷从紧力度加大的情况下，以存贷差为主要利润来源的商业银行正面临严峻考验。《第一财经日报》近日从多家银行了解到，它们的贷款利
2,pretrained,43,财经/799690.txt,财经,财经,0.9841778874397278,True,银行理财晒中考成绩：仅信托和澳元产品出色,7月，不仅意味着2010年上半年已成为过去时，还标志着又到了银行理财产品晒出自己年中“中考”成绩单、投资者们检查和调整投资决策的时候。近期，国内某知名理财调查研究机构给出了一组数据：据不完全统计，今年
2,pretrained,43,财经/799898.txt,财经,财经,0.9970489740371704,True,银监会就发布商业银行声誉风险管理指引答问,银监会有关部门负责人就发布 《商业银行声誉风险管理指引》答记者问 近日，银监会发布了《商业银行声誉风险管理指引》(以下简称《管理指引》)，银监会有关负责人就相关问题回答了记者的提问。 问：
2,pretrained,43,财经/799959.txt,财经,财经,0.9751718044281006,True,银行职员私改密码致储户被骗28万元,□记者刘昌武韩景玮实习生李宾宾 通讯员张胜利 本报讯 明知朋友要诈骗他人钱财，荥阳市农行一职员还私自篡改储户的银行卡密码，致使储户被骗28万元。昨天，郑州市上街区法院审结一起诈骗案，分文未得的
2,pretrained,43,财经/799960.txt,财经,财经,0.8588292598724365,True,ATM又吐双倍钱 担心后患夫妻还钱要求立字据,记得以前有个人这样拿走十几万 如果当时找不到银行的人就打110 字据写明其他客户所做交易与他们无关 叹“做好事也不容易”出来打工只求安心 本报讯 (记者罗桦琳)按100元吐200元，按
2,pretrained,43,财经/800186.txt,财经,财经,0.9962059259414673,True,招行南京分行首套房贷利率上调至8折,近期关于房贷优惠政策收紧的传言在南京终于有了先例——招商银行南京分行昨天中午下发通知，明确了首套房贷利率优惠由原来的7折上调为8折，在认定上以家庭为单位，但如果首套房贷还清，再贷还是认定为首套房，11
2,scratch,43,体育/100080.txt,体育,体育,0.5008172392845154,True,现场：阿联助攻帮队友腾飞 奇才半场落后骑士8分,新浪体育讯 第二节，阿联篮下出手，球磕框而出。两队急于进攻随后各出现一次低级失误，骑士率先找到节奏，连续两次进攻得手。 奇才则采用大个球员提到上线接球策应的战术，与沃尔挡拆配合后，阿联接到传球，但
2,scratch,43,体育/100169.txt,体育,体育,0.501282811164856,True,现场：皇帝吃火锅头箍被打掉 斯隆不满吃技术犯规,第三节比赛开始，爵士终于有所起色，内线的杰弗森和米尔萨普率先发威，各自拿下两分，此后，德隆接管比赛，先是一记中投命中，然后助攻米尔萨普上篮得分。比赛进行到还剩8分47秒，詹姆斯投篮不中，波什抢下前场篮
2,scratch,43,体育/100243.txt,体育,体育,0.5011574029922485,True,勒夫31分31板轰跑尼克斯 纳什发飙太阳主场灭国王,新浪体育讯 北京时间11月13日，森林狼大将凯文-勒夫发飙，砍下31分31个篮板，森林狼击败尼克斯，取得二连胜；小牛在主场击退76人；太阳在主场拿下国王。以下是这三场比赛的综述： 尼克斯103-森
2,scratch,43,体育/100269.txt,体育,体育,0.5016953349113464,True,勒夫31篮板表现刺激阿联队友 麦基发微博誓言爆发,新浪体育讯 北京时间11月14日消息，据《华盛顿邮报》报道，奇才中锋贾维尔-麦基昨天的比赛里只抢到了两个篮板球，这已经是他本赛季第二次如此尴尬。而他现在也放言保证要加强篮板球。 比赛结束后，心情郁
2,scratch,43,体育/100471.txt,体育,体育,0.5014101266860962,True,现场：米勒挂彩激发火箭血性 状元打三分保住领先,新浪体育讯 北京时间11月20日消息，火箭今天继续客场之旅，在多伦多面对猛龙。火箭半场43比51落后对手。 下半场，主力悉数上阵。但是火箭仍旧在凭借罚球得分。不过斯科拉率先开火，上篮得手之后，马丁
2,scratch,43,体育/100585.txt,体育,体育,0.5016882419586182,True,奇才悍将：让全明星赛一边去 我今晚真是打兴奋了,新浪体育讯 北京时间11月24日(华盛顿时间23日)华盛顿奇才队主场迎战费城76人。上一次遇到对手时，两队就打进了加时，今天更是将比赛的悬念延展到第53分钟。最终，奇才评价尼克-杨的三分球，以两分的优
2,scratch,43,体育/100681.txt,体育,体育,0.501442551612854,True,怪异!14.5秒科比两次绝杀不投 输球他仍能欣慰一笑,当时爵士领先2分，科比持球，按上赛季大伙习惯了的剧情，这该是“绝杀时刻”。可这次的版本却180度转变，飞侠连续两次都没有选择自己进攻，而是传球给了阿泰。第一次，阿泰底角运了一步但空位半截篮弹筐而出；第
2,scratch,43,体育/100739.txt,体育,体育,0.5013968348503113,True,斯科特抱怨裁判被罚3万5 骑士主帅过嘴瘾钱包遭殃,新浪体育讯 北京时间11月29日消息，据美联社报道，联盟的执行副总裁斯图-杰克逊宣布，骑士主帅拜伦-斯科特因为公开指责裁判判罚不公而被罚款35000美元。 两天前骑士100-111不敌魔术，赛后斯
2,scratch,43,体育/100794.txt,体育,体育,0.5015352368354797,True,调查-火箭客场完败于小牛 您如何评价他们的表现？,新浪体育讯 北京时间11月30日，得州内战，火箭在客场以91-101不敌小牛。 火箭(5-12)技不如人，早早缴械投降。凯文-马丁17分，路易斯-斯科拉15分5个篮板，替补出场的布拉德-米勒11分
2,scratch,43,体育/101091.txt,体育,体育,0.5017185211181641,True,费舍尔绝杀差一点就被帽 禅师没有他俩我们赢不了,新浪体育讯 北京时间12月9日消息，比赛时间越来越少，德里克-费舍尔控球，这位36岁的老将没有像季后赛那样选择在外线投篮，他做了一个不同的抉择，他用突破抛投命中压哨球，这让洛杉矶湖人队以87比86险胜
2,scratch,43,体育/101113.txt,体育,体育,0.5011297464370728,True,疯狂专家谋划4队10人交易 火箭同时引进波什埃利斯,新浪体育讯 随着火箭强势反弹，火箭的各类新闻、流言也度过了平淡期，磨刀霍霍的杀了出来。一时间，各种交易线索交织在一起，煞是好看。其中《94red》的专职作者韦恩无疑是最疯狂的一位，他为火箭设计的交易计
2,scratch,43,体育/101115.txt,体育,体育,0.5014137029647827,True,阿联直言打先发很淡定 湖人赛后经纪人找他谈合同,驻洛杉矶记者段冉12月8日报道 北京时间12月8日，斯台普斯中心的门前又呈现出赛季开幕战时的场面，门口早早就聚集了很多当地的中国球迷，那一场做客的是姚明，这一场，来的是阿联。 与湖人一战，由于先
2,scratch,43,财经/799188.txt,财经,财经,0.5000206232070923,True,凶手持死者银行卡柜台提现 被害者家属状告银行,本报讯 (记者 于杰) 凶手杀人后用死者的银行卡在柜台成功提现6.3万元。凶手被执行死刑后，损失无法追回，被害者家属将凶手提现的农业银行顺义区支行告上法庭。昨天，此案在顺义法院开庭。 2006年7
2,scratch,43,财经/799234.txt,财经,体育,0.5000317692756653,False,信用卡+工资卡 三招玩转信用卡理财,要玩转“信用卡”，需要“工资卡”的搭配。 首先，让自己的信用卡与借记卡挂钩起来，建立关联账户，这是信用卡还款的最佳方式。这主要是因为工资卡挂钩有定期的收入保证，保证了还款的及时性。不过，关联账户还
2,scratch,43,财经/799258.txt,财经,体育,0.5002031922340393,False,五一刷卡谨防5%超限费 易引发滞纳金等费用,“五一”假期是都市人休息和休闲的好时光。随着假期的缩短，许多人的出游计划变为购物消费。而近年来信用卡成为越来越多成年人的消费首选。不过，如果持卡人不小心刷爆信用卡，很有可能被征收5%的超限费，甚至引发
2,scratch,43,财经/799288.txt,财经,体育,0.500189483165741,False,发卡量倒逼服务 招行信用卡艰难转身,本报记者 王芳艳 以信用卡发家的招商银行，在信用卡迅速扩张5年之后，犹如一头体重增长过快的大象，终于感到了前所未有的步履沉重。 到2008年8月，招行的信用卡发卡量飙升到2300万张卡，仅次于
2,scratch,43,财经/799376.txt,财经,体育,0.5000614523887634,False,少还0.8元利息上千元 不同银行罚息差数万倍,文/表 记者方利平 少还几毛钱，却要按全额计付透支利息！在信用卡刷卡消费中，部分还款逾期却要按全额计息的规则，一直是个容易引起纠纷的话题。今年以来，部分银行将透支利息收取标准由全额计付改为部分计付
2,scratch,43,财经/799462.txt,财经,体育,0.5003166794776917,False,布局民生 建行业务结构谋变,6月21日到6月27日期间，建行总行机构业务部相关负责人奔赴广东、陕西、重庆等地考察验收“民本通达”试点情况。在总结试点的经验教训后，该方案有望于2个月之内在建行全面推行。 据该方案研发团队主要成
2,scratch,43,财经/799607.txt,财经,财经,0.5001627206802368,True,信贷趋紧下 银行贷款利率上浮,中小企业在一定程度上受影响，但贷款支持力度有望继续得到保证 沈易安 信贷从紧力度加大的情况下，以存贷差为主要利润来源的商业银行正面临严峻考验。《第一财经日报》近日从多家银行了解到，它们的贷款利
2,scratch,43,财经/799690.txt,财经,体育,0.5002195835113525,False,银行理财晒中考成绩：仅信托和澳元产品出色,7月，不仅意味着2010年上半年已成为过去时，还标志着又到了银行理财产品晒出自己年中“中考”成绩单、投资者们检查和调整投资决策的时候。近期，国内某知名理财调查研究机构给出了一组数据：据不完全统计，今年
2,scratch,43,财经/799898.txt,财经,体育,0.5000749230384827,False,银监会就发布商业银行声誉风险管理指引答问,银监会有关部门负责人就发布 《商业银行声誉风险管理指引》答记者问 近日，银监会发布了《商业银行声誉风险管理指引》(以下简称《管理指引》)，银监会有关负责人就相关问题回答了记者的提问。 问：
2,scratch,43,财经/799959.txt,财经,体育,0.5000365376472473,False,银行职员私改密码致储户被骗28万元,□记者刘昌武韩景玮实习生李宾宾 通讯员张胜利 本报讯 明知朋友要诈骗他人钱财，荥阳市农行一职员还私自篡改储户的银行卡密码，致使储户被骗28万元。昨天，郑州市上街区法院审结一起诈骗案，分文未得的
2,scratch,43,财经/799960.txt,财经,体育,0.5005144476890564,False,ATM又吐双倍钱 担心后患夫妻还钱要求立字据,记得以前有个人这样拿走十几万 如果当时找不到银行的人就打110 字据写明其他客户所做交易与他们无关 叹“做好事也不容易”出来打工只求安心 本报讯 (记者罗桦琳)按100元吐200元，按
2,scratch,43,财经/800186.txt,财经,财经,0.5000233054161072,True,招行南京分行首套房贷利率上调至8折,近期关于房贷优惠政策收紧的传言在南京终于有了先例——招商银行南京分行昨天中午下发通知，明确了首套房贷利率优惠由原来的7折上调为8折，在认定上以家庭为单位，但如果首套房贷还清，再贷还是认定为首套房，11
4,pretrained,43,体育/100080.txt,体育,体育,0.9960128664970398,True,现场：阿联助攻帮队友腾飞 奇才半场落后骑士8分,新浪体育讯 第二节，阿联篮下出手，球磕框而出。两队急于进攻随后各出现一次低级失误，骑士率先找到节奏，连续两次进攻得手。 奇才则采用大个球员提到上线接球策应的战术，与沃尔挡拆配合后，阿联接到传球，但
4,pretrained,43,体育/100169.txt,体育,体育,0.9983692765235901,True,现场：皇帝吃火锅头箍被打掉 斯隆不满吃技术犯规,第三节比赛开始，爵士终于有所起色，内线的杰弗森和米尔萨普率先发威，各自拿下两分，此后，德隆接管比赛，先是一记中投命中，然后助攻米尔萨普上篮得分。比赛进行到还剩8分47秒，詹姆斯投篮不中，波什抢下前场篮
4,pretrained,43,体育/100243.txt,体育,体育,0.992112934589386,True,勒夫31分31板轰跑尼克斯 纳什发飙太阳主场灭国王,新浪体育讯 北京时间11月13日，森林狼大将凯文-勒夫发飙，砍下31分31个篮板，森林狼击败尼克斯，取得二连胜；小牛在主场击退76人；太阳在主场拿下国王。以下是这三场比赛的综述： 尼克斯103-森
4,pretrained,43,体育/100269.txt,体育,体育,0.9817664623260498,True,勒夫31篮板表现刺激阿联队友 麦基发微博誓言爆发,新浪体育讯 北京时间11月14日消息，据《华盛顿邮报》报道，奇才中锋贾维尔-麦基昨天的比赛里只抢到了两个篮板球，这已经是他本赛季第二次如此尴尬。而他现在也放言保证要加强篮板球。 比赛结束后，心情郁
4,pretrained,43,体育/100471.txt,体育,体育,0.9972673058509827,True,现场：米勒挂彩激发火箭血性 状元打三分保住领先,新浪体育讯 北京时间11月20日消息，火箭今天继续客场之旅，在多伦多面对猛龙。火箭半场43比51落后对手。 下半场，主力悉数上阵。但是火箭仍旧在凭借罚球得分。不过斯科拉率先开火，上篮得手之后，马丁
4,pretrained,43,体育/100585.txt,体育,体育,0.9760481119155884,True,奇才悍将：让全明星赛一边去 我今晚真是打兴奋了,新浪体育讯 北京时间11月24日(华盛顿时间23日)华盛顿奇才队主场迎战费城76人。上一次遇到对手时，两队就打进了加时，今天更是将比赛的悬念延展到第53分钟。最终，奇才评价尼克-杨的三分球，以两分的优
4,pretrained,43,体育/100681.txt,体育,体育,0.9735385179519653,True,怪异!14.5秒科比两次绝杀不投 输球他仍能欣慰一笑,当时爵士领先2分，科比持球，按上赛季大伙习惯了的剧情，这该是“绝杀时刻”。可这次的版本却180度转变，飞侠连续两次都没有选择自己进攻，而是传球给了阿泰。第一次，阿泰底角运了一步但空位半截篮弹筐而出；第
4,pretrained,43,体育/100739.txt,体育,体育,0.880683958530426,True,斯科特抱怨裁判被罚3万5 骑士主帅过嘴瘾钱包遭殃,新浪体育讯 北京时间11月29日消息，据美联社报道，联盟的执行副总裁斯图-杰克逊宣布，骑士主帅拜伦-斯科特因为公开指责裁判判罚不公而被罚款35000美元。 两天前骑士100-111不敌魔术，赛后斯
4,pretrained,43,体育/100794.txt,体育,体育,0.9975686073303223,True,调查-火箭客场完败于小牛 您如何评价他们的表现？,新浪体育讯 北京时间11月30日，得州内战，火箭在客场以91-101不敌小牛。 火箭(5-12)技不如人，早早缴械投降。凯文-马丁17分，路易斯-斯科拉15分5个篮板，替补出场的布拉德-米勒11分
4,pretrained,43,体育/101091.txt,体育,体育,0.9907218813896179,True,费舍尔绝杀差一点就被帽 禅师没有他俩我们赢不了,新浪体育讯 北京时间12月9日消息，比赛时间越来越少，德里克-费舍尔控球，这位36岁的老将没有像季后赛那样选择在外线投篮，他做了一个不同的抉择，他用突破抛投命中压哨球，这让洛杉矶湖人队以87比86险胜
4,pretrained,43,体育/101113.txt,体育,体育,0.9525521397590637,True,疯狂专家谋划4队10人交易 火箭同时引进波什埃利斯,新浪体育讯 随着火箭强势反弹，火箭的各类新闻、流言也度过了平淡期，磨刀霍霍的杀了出来。一时间，各种交易线索交织在一起，煞是好看。其中《94red》的专职作者韦恩无疑是最疯狂的一位，他为火箭设计的交易计
4,pretrained,43,体育/101115.txt,体育,体育,0.9218767285346985,True,阿联直言打先发很淡定 湖人赛后经纪人找他谈合同,驻洛杉矶记者段冉12月8日报道 北京时间12月8日，斯台普斯中心的门前又呈现出赛季开幕战时的场面，门口早早就聚集了很多当地的中国球迷，那一场做客的是姚明，这一场，来的是阿联。 与湖人一战，由于先
4,pretrained,43,财经/799188.txt,财经,财经,0.9354268908500671,True,凶手持死者银行卡柜台提现 被害者家属状告银行,本报讯 (记者 于杰) 凶手杀人后用死者的银行卡在柜台成功提现6.3万元。凶手被执行死刑后，损失无法追回，被害者家属将凶手提现的农业银行顺义区支行告上法庭。昨天，此案在顺义法院开庭。 2006年7
4,pretrained,43,财经/799234.txt,财经,财经,0.8024155497550964,True,信用卡+工资卡 三招玩转信用卡理财,要玩转“信用卡”，需要“工资卡”的搭配。 首先，让自己的信用卡与借记卡挂钩起来，建立关联账户，这是信用卡还款的最佳方式。这主要是因为工资卡挂钩有定期的收入保证，保证了还款的及时性。不过，关联账户还
4,pretrained,43,财经/799258.txt,财经,财经,0.9244318604469299,True,五一刷卡谨防5%超限费 易引发滞纳金等费用,“五一”假期是都市人休息和休闲的好时光。随着假期的缩短，许多人的出游计划变为购物消费。而近年来信用卡成为越来越多成年人的消费首选。不过，如果持卡人不小心刷爆信用卡，很有可能被征收5%的超限费，甚至引发
4,pretrained,43,财经/799288.txt,财经,财经,0.7819724678993225,True,发卡量倒逼服务 招行信用卡艰难转身,本报记者 王芳艳 以信用卡发家的招商银行，在信用卡迅速扩张5年之后，犹如一头体重增长过快的大象，终于感到了前所未有的步履沉重。 到2008年8月，招行的信用卡发卡量飙升到2300万张卡，仅次于
4,pretrained,43,财经/799376.txt,财经,财经,0.9826105237007141,True,少还0.8元利息上千元 不同银行罚息差数万倍,文/表 记者方利平 少还几毛钱，却要按全额计付透支利息！在信用卡刷卡消费中，部分还款逾期却要按全额计息的规则，一直是个容易引起纠纷的话题。今年以来，部分银行将透支利息收取标准由全额计付改为部分计付
4,pretrained,43,财经/799462.txt,财经,财经,0.6986110806465149,True,布局民生 建行业务结构谋变,6月21日到6月27日期间，建行总行机构业务部相关负责人奔赴广东、陕西、重庆等地考察验收“民本通达”试点情况。在总结试点的经验教训后，该方案有望于2个月之内在建行全面推行。 据该方案研发团队主要成
4,pretrained,43,财经/799607.txt,财经,财经,0.9805639982223511,True,信贷趋紧下 银行贷款利率上浮,中小企业在一定程度上受影响，但贷款支持力度有望继续得到保证 沈易安 信贷从紧力度加大的情况下，以存贷差为主要利润来源的商业银行正面临严峻考验。《第一财经日报》近日从多家银行了解到，它们的贷款利
4,pretrained,43,财经/799690.txt,财经,财经,0.9589828252792358,True,银行理财晒中考成绩：仅信托和澳元产品出色,7月，不仅意味着2010年上半年已成为过去时，还标志着又到了银行理财产品晒出自己年中“中考”成绩单、投资者们检查和调整投资决策的时候。近期，国内某知名理财调查研究机构给出了一组数据：据不完全统计，今年
4,pretrained,43,财经/799898.txt,财经,财经,0.8397243022918701,True,银监会就发布商业银行声誉风险管理指引答问,银监会有关部门负责人就发布 《商业银行声誉风险管理指引》答记者问 近日，银监会发布了《商业银行声誉风险管理指引》(以下简称《管理指引》)，银监会有关负责人就相关问题回答了记者的提问。 问：
4,pretrained,43,财经/799959.txt,财经,财经,0.92915940284729,True,银行职员私改密码致储户被骗28万元,□记者刘昌武韩景玮实习生李宾宾 通讯员张胜利 本报讯 明知朋友要诈骗他人钱财，荥阳市农行一职员还私自篡改储户的银行卡密码，致使储户被骗28万元。昨天，郑州市上街区法院审结一起诈骗案，分文未得的
4,pretrained,43,财经/799960.txt,财经,财经,0.7250892519950867,True,ATM又吐双倍钱 担心后患夫妻还钱要求立字据,记得以前有个人这样拿走十几万 如果当时找不到银行的人就打110 字据写明其他客户所做交易与他们无关 叹“做好事也不容易”出来打工只求安心 本报讯 (记者罗桦琳)按100元吐200元，按
4,pretrained,43,财经/800186.txt,财经,财经,0.9805940389633179,True,招行南京分行首套房贷利率上调至8折,近期关于房贷优惠政策收紧的传言在南京终于有了先例——招商银行南京分行昨天中午下发通知，明确了首套房贷利率优惠由原来的7折上调为8折，在认定上以家庭为单位，但如果首套房贷还清，再贷还是认定为首套房，11
4,pretrained,43,教育/284539.txt,教育,教育,0.3652544915676117,True,美国室友的独到见解：中国人都会功夫(图),那一年我去美国旅游，为了节省住宿费，我没住酒店，在加利福尼亚州的一个小镇上跟几个美国人合租一套公寓。那里在举办中国文化节，举办方在镇里的歌剧院组织了京剧、中国民乐表演，在镇中心广场舞起了狮子，当地电视
4,pretrained,43,教育/284583.txt,教育,教育,0.90032958984375,True,名师把脉：申请加拿大高额奖学金绝招,当申请奖学金的时候，你通常需要写一封信递交奖学金管理员咨询更多信息，要一张申请表或是简单地介绍一下自己。这是向管理员展示你是最佳候选人的绝好时机。所以在发信前花一些时间仔细斟酌，务必简明，扼要且信息全
4,pretrained,43,教育/284608.txt,教育,教育,0.9751837253570557,True,权威指导：如何面对留学签证中的拒签,留学签证被拒签是会遇到的一个问题，面对拒签，因为没有成功案例，大部分留学机构选择沉默，通常的做法是重新组织材料，再次申请。这样的结果常常是赔了签证费又耽误时间。 分析指出，目前签证还是由各国领事馆
4,pretrained,43,教育/284632.txt,教育,教育,0.6970745325088501,True,亲历：零距离接触纽宾士域省多元文化,据悉，由上海市因私出入境服务中心境外合作方：加拿大KBL顾问集团组织的第26批考察团已于上周末出发前，往加拿大东部的纽宾士域省展开为期10天的商务考察活动。据了解，此次考察团将走访纽宾士域省的代表性城
4,pretrained,43,教育/284829.txt,教育,教育,0.9786402583122253,True,出国留学：走出“高层次”择业之路,谈论留学绕不开就业的话题，因为留学是学子们日后高层次就业的人生路径。就此问题，将在7月10日至11日由本报社区版于上海图书馆举办的大型留学择业咨询会上亮相的沪上四大著名留学机构的老总们是如何看待的？
4,pretrained,43,教育/284956.txt,教育,教育,0.9645646214485168,True,打工族：新西兰推出“工作度假计划”,记者从广东侨谊海外交流服务中心获悉，根据2008年中国和新西兰签署的《中华人民共和国政府和新西兰政府自由贸易协定》，新西兰针对中国年轻人推出了一项“新西兰工作度假计划”。根据协议，新西兰每年将允许10
4,pretrained,43,教育/285067.txt,教育,教育,0.4927469789981842,True,梦想成真：美女海归也有“空姐梦”(组图),本报讯 (记者黄琮 通讯员邵富强、南宣摄影报道)研究人体DNA排列的留学生、专业英语达到八级水平的美女硕士也来报名当空姐！近日南方航空在全国的空姐招募活动火爆异常。南航方面预计，今年空姐招募将成为有史
4,pretrained,43,教育/285246.txt,教育,教育,0.9793993830680847,True,金融风暴催生澳大利亚商业移民热潮,项目简介 此类别主要是指申请人以自己的专业技能为基础，同时获得指定地区州政府或亲属担保的技术移民。此类签证要求申请人必须要符合澳洲技术移民的基本要求并具备澳大利亚技术职业列表(SOL)中对应职业的
4,pretrained,43,教育/285369.txt,教育,娱乐,0.4665639400482178,False,特别策划：爆笑连连的出国故事猜猜看,刚刚出国时想必哥们儿姐们儿都因为英文不好跟老外过招时发生过搞笑的故事吧？只有想不到，没有做不到。新浪出国为您收集了14则爆笑的故事，和大家一起分享，让我们共同回忆在国外那些懵懂、青涩但难忘的岁月。
4,pretrained,43,教育/285374.txt,教育,教育,0.9631044268608093,True,《泰晤士报》2010年大学排行榜出炉,名校排行 继《卫报》推出2010年英国大学排名之后，英国《泰晤士报》近日也公布了该报新一年度的大学排名。和往年一样，牛津和剑桥两所老牌名校的仍然占据了综合排名的第一和第二头两把交椅，但今年的专业排
4,pretrained,43,教育/285591.txt,教育,教育,0.9541098475456238,True,最新动态：赴美签证将准备“提速”,晨报讯 据透露，旨在提速中国公民办理赴美签证的新政策目前正在酝酿之中，新政出台后，中国学生办理赴美留学的速度将更快、名校选择更多、获取奖学金的机会也更大。 北京因私出入境行业协会秘书长、鲲鹏国际总
4,pretrained,43,教育/285593.txt,教育,教育,0.7469561696052551,True,留学生：晒晒我在耶鲁创办的杂志(组图),在耶鲁大学，学生们很乐忠于创办各种杂志期刊。每学期，都会有2到4本新杂志创刊，但可惜大都以失败而告终。我似乎总是对自己写杂志有浓厚的兴趣，由于当年gap year的时候，我已经有过一些编写杂志的经历，
4,pretrained,43,娱乐/131610.txt,娱乐,财经,0.8772915601730347,False,国家开发银行原副行长王益受贿一审被判死缓,新华网北京4月15日电(记者陈菲) 北京市第一中级人民法院15日上午对国家开发银行原副行长王益作出一审判决，认定王益犯受贿罪，判处死刑，缓期二年执行，剥夺政治权利终身，没收个人全部财产。 北京市第
4,pretrained,43,娱乐/131740.txt,娱乐,娱乐,0.5934820771217346,True,新周刊：陆川解读南京--生死之城生死之问(图),南京大屠杀，是72年前的事。 侵华日军在1937年12月13日之后长达数月的屠杀，超过30万中国人成为冤魂。 在当代中国人的记忆里，没有什么比它更沉重。 忘记历史就意味着背叛——那么，我们
4,pretrained,43,娱乐/131759.txt,娱乐,娱乐,0.9268879890441895,True,实录：《爱有来生》主创专访 段奕宏曝女友身份,新浪娱乐讯 演员俞飞鸿转型导演的电影处女作《爱有来生》即将于8月26日公映。本片是国内第一部为中国的七夕情人节量身订做的电影，也成为了今年暑期档电影票房争夺战中最后压轴上映的影片。而8月14日，影片导
4,pretrained,43,娱乐/131805.txt,娱乐,娱乐,0.8373740315437317,True,精品购物指南：2011翻拍之春抑或榨干之冬(图),撰文/杜晋华 王子烨 白郁虹 吕佳 编辑/王子烨 看看2011的片单，翻拍，又见翻拍——“经典”中寻宝、各路热门改编、直接走进“2.0”时代。一个聂小倩、两队杨家将、两位杨子荣、三个李小龙、三桌鸿
4,pretrained,43,娱乐/131865.txt,娱乐,娱乐,0.9070682525634766,True,陈木胜新片翻拍《一线生机》 大S古天乐出演,本报讯 （记者杨林）如果有一天你的手机接到陌生女子电话，要你帮之奔忙并营救她于水深火热，你会怎么办？最近古天乐()就遇到这样的麻烦事。翻拍自好莱坞制作《一线生机》的《保持通话》近日在香港开机，男主角是
4,pretrained,43,娱乐/131933.txt,娱乐,娱乐,0.9810121059417725,True,《证人》杀青谢霆锋攀爬竹梯不畏惧(组图),视频：谢霆锋张家辉张静初主演《证人》杀青 新浪娱乐讯 谢霆锋( 听歌)、张家辉(听歌 blog)、张静初( blog)等终于结束了新片《证人》最后一场戏的拍摄，正式宣告杀青。 当问到有了家庭
4,pretrained,43,娱乐/132127.txt,娱乐,娱乐,0.9242126941680908,True,《筑梦2008》代表中国内地“申奥”(图),新浪娱乐讯 代表中国内地角逐第81届奥斯卡()最佳外语片的影片已经敲定为奥运题材影片《筑梦2008》。今年传统大片都纷纷放弃“申奥”，《筑梦2008》在与《隐形的翅膀》、《一个人的奥林匹克》等“小片”
4,pretrained,43,娱乐/132192.txt,娱乐,娱乐,0.9762800335884094,True,王晶易稿打动刘德华 耗资过亿打造《未来警探》,新浪娱乐讯 据台湾媒体报道，台湾学者电影公司老板蔡松林已确认投拍王晶()编导的新戏《未来警察》。该片阵容强大，投资达6亿台币(1.5亿人民币)，除请来奥运会开幕式空中特技总设计也是香港最知名武指之一的
4,pretrained,43,娱乐/132421.txt,娱乐,娱乐,0.9129611849784851,True,魏德圣失落奖项不遗憾 新片与李安吴宇森合作,新浪娱乐讯 热爆电影《海角七号》导演魏德圣虽然在6日金马奖颁奖礼上失落最佳导演及最佳剧情片奖，却赢得更难能可贵的两个“导演”奖。他前晚在《海》片派对上，获李安赏脸出席，他说：“我很满足，对手是大制作，
4,pretrained,43,娱乐/132573.txt,娱乐,娱乐,0.9002710580825806,True,吴宇森回应《赤壁》争议：其实，你不懂我的心,拍一次三国，发一次思古之豪情，这是众多电影人梦寐以求的事情。昨日下午，终于圆梦的吴宇森满脸喜气地携夫人牛春龙(blog)，主创张山、小宋佳以及主题曲演唱者四川姑娘阿兰亮相武侯祠，为新上映的《赤壁(下)
4,pretrained,43,娱乐/132743.txt,娱乐,娱乐,0.985282838344574,True,第三届亚洲电影大奖蒋雯丽周迅赵薇争影后,荆楚网消息 (楚天都市报) 前日，第三届亚洲电影大奖公布提名名单，中国的《梅兰芳》、《赤壁》，日本的《悬崖上的金鱼姬》获得最佳影片提名，成为该奖项最有力竞争者。 冯小刚、吴宇森分别凭《非诚勿扰》
4,pretrained,43,娱乐/132751.txt,娱乐,娱乐,0.9659879207611084,True,《杜拉拉升职记》6月开拍 徐静蕾香港选景(图),新浪娱乐讯 由尔冬升执导，成龙、徐静蕾、吴彦祖、范冰冰主演的电影《新宿事件》于今天亮相香港国际电影节。之前有传闻她将执导拍摄电影版《杜拉拉升职记》也得到了徐静蕾本人的印证。徐静蕾透露，新片可能将在6月
4,scratch,43,体育/100080.txt,体育,体育,0.250469833612442,True,现场：阿联助攻帮队友腾飞 奇才半场落后骑士8分,新浪体育讯 第二节，阿联篮下出手，球磕框而出。两队急于进攻随后各出现一次低级失误，骑士率先找到节奏，连续两次进攻得手。 奇才则采用大个球员提到上线接球策应的战术，与沃尔挡拆配合后，阿联接到传球，但
4,scratch,43,体育/100169.txt,体育,体育,0.2507346570491791,True,现场：皇帝吃火锅头箍被打掉 斯隆不满吃技术犯规,第三节比赛开始，爵士终于有所起色，内线的杰弗森和米尔萨普率先发威，各自拿下两分，此后，德隆接管比赛，先是一记中投命中，然后助攻米尔萨普上篮得分。比赛进行到还剩8分47秒，詹姆斯投篮不中，波什抢下前场篮
4,scratch,43,体育/100243.txt,体育,体育,0.2507004737854004,True,勒夫31分31板轰跑尼克斯 纳什发飙太阳主场灭国王,新浪体育讯 北京时间11月13日，森林狼大将凯文-勒夫发飙，砍下31分31个篮板，森林狼击败尼克斯，取得二连胜；小牛在主场击退76人；太阳在主场拿下国王。以下是这三场比赛的综述： 尼克斯103-森
4,scratch,43,体育/100269.txt,体育,体育,0.25087034702301025,True,勒夫31篮板表现刺激阿联队友 麦基发微博誓言爆发,新浪体育讯 北京时间11月14日消息，据《华盛顿邮报》报道，奇才中锋贾维尔-麦基昨天的比赛里只抢到了两个篮板球，这已经是他本赛季第二次如此尴尬。而他现在也放言保证要加强篮板球。 比赛结束后，心情郁
4,scratch,43,体育/100471.txt,体育,体育,0.2508259117603302,True,现场：米勒挂彩激发火箭血性 状元打三分保住领先,新浪体育讯 北京时间11月20日消息，火箭今天继续客场之旅，在多伦多面对猛龙。火箭半场43比51落后对手。 下半场，主力悉数上阵。但是火箭仍旧在凭借罚球得分。不过斯科拉率先开火，上篮得手之后，马丁
4,scratch,43,体育/100585.txt,体育,体育,0.2508692741394043,True,奇才悍将：让全明星赛一边去 我今晚真是打兴奋了,新浪体育讯 北京时间11月24日(华盛顿时间23日)华盛顿奇才队主场迎战费城76人。上一次遇到对手时，两队就打进了加时，今天更是将比赛的悬念延展到第53分钟。最终，奇才评价尼克-杨的三分球，以两分的优
4,scratch,43,体育/100681.txt,体育,体育,0.2506759762763977,True,怪异!14.5秒科比两次绝杀不投 输球他仍能欣慰一笑,当时爵士领先2分，科比持球，按上赛季大伙习惯了的剧情，这该是“绝杀时刻”。可这次的版本却180度转变，飞侠连续两次都没有选择自己进攻，而是传球给了阿泰。第一次，阿泰底角运了一步但空位半截篮弹筐而出；第
4,scratch,43,体育/100739.txt,体育,体育,0.2507428824901581,True,斯科特抱怨裁判被罚3万5 骑士主帅过嘴瘾钱包遭殃,新浪体育讯 北京时间11月29日消息，据美联社报道，联盟的执行副总裁斯图-杰克逊宣布，骑士主帅拜伦-斯科特因为公开指责裁判判罚不公而被罚款35000美元。 两天前骑士100-111不敌魔术，赛后斯
4,scratch,43,体育/100794.txt,体育,体育,0.2509411573410034,True,调查-火箭客场完败于小牛 您如何评价他们的表现？,新浪体育讯 北京时间11月30日，得州内战，火箭在客场以91-101不敌小牛。 火箭(5-12)技不如人，早早缴械投降。凯文-马丁17分，路易斯-斯科拉15分5个篮板，替补出场的布拉德-米勒11分
4,scratch,43,体育/101091.txt,体育,体育,0.2508838176727295,True,费舍尔绝杀差一点就被帽 禅师没有他俩我们赢不了,新浪体育讯 北京时间12月9日消息，比赛时间越来越少，德里克-费舍尔控球，这位36岁的老将没有像季后赛那样选择在外线投篮，他做了一个不同的抉择，他用突破抛投命中压哨球，这让洛杉矶湖人队以87比86险胜
4,scratch,43,体育/101113.txt,体育,体育,0.2505452036857605,True,疯狂专家谋划4队10人交易 火箭同时引进波什埃利斯,新浪体育讯 随着火箭强势反弹，火箭的各类新闻、流言也度过了平淡期，磨刀霍霍的杀了出来。一时间，各种交易线索交织在一起，煞是好看。其中《94red》的专职作者韦恩无疑是最疯狂的一位，他为火箭设计的交易计
4,scratch,43,体育/101115.txt,体育,体育,0.2507070004940033,True,阿联直言打先发很淡定 湖人赛后经纪人找他谈合同,驻洛杉矶记者段冉12月8日报道 北京时间12月8日，斯台普斯中心的门前又呈现出赛季开幕战时的场面，门口早早就聚集了很多当地的中国球迷，那一场做客的是姚明，这一场，来的是阿联。 与湖人一战，由于先
4,scratch,43,财经/799188.txt,财经,教育,0.25011762976646423,False,凶手持死者银行卡柜台提现 被害者家属状告银行,本报讯 (记者 于杰) 凶手杀人后用死者的银行卡在柜台成功提现6.3万元。凶手被执行死刑后，损失无法追回，被害者家属将凶手提现的农业银行顺义区支行告上法庭。昨天，此案在顺义法院开庭。 2006年7
4,scratch,43,财经/799234.txt,财经,教育,0.2504163682460785,False,信用卡+工资卡 三招玩转信用卡理财,要玩转“信用卡”，需要“工资卡”的搭配。 首先，让自己的信用卡与借记卡挂钩起来，建立关联账户，这是信用卡还款的最佳方式。这主要是因为工资卡挂钩有定期的收入保证，保证了还款的及时性。不过，关联账户还
4,scratch,43,财经/799258.txt,财经,教育,0.25029176473617554,False,五一刷卡谨防5%超限费 易引发滞纳金等费用,“五一”假期是都市人休息和休闲的好时光。随着假期的缩短，许多人的出游计划变为购物消费。而近年来信用卡成为越来越多成年人的消费首选。不过，如果持卡人不小心刷爆信用卡，很有可能被征收5%的超限费，甚至引发
4,scratch,43,财经/799288.txt,财经,教育,0.2503032684326172,False,发卡量倒逼服务 招行信用卡艰难转身,本报记者 王芳艳 以信用卡发家的招商银行，在信用卡迅速扩张5年之后，犹如一头体重增长过快的大象，终于感到了前所未有的步履沉重。 到2008年8月，招行的信用卡发卡量飙升到2300万张卡，仅次于
4,scratch,43,财经/799376.txt,财经,教育,0.2501760423183441,False,少还0.8元利息上千元 不同银行罚息差数万倍,文/表 记者方利平 少还几毛钱，却要按全额计付透支利息！在信用卡刷卡消费中，部分还款逾期却要按全额计息的规则，一直是个容易引起纠纷的话题。今年以来，部分银行将透支利息收取标准由全额计付改为部分计付
4,scratch,43,财经/799462.txt,财经,教育,0.2503024637699127,False,布局民生 建行业务结构谋变,6月21日到6月27日期间，建行总行机构业务部相关负责人奔赴广东、陕西、重庆等地考察验收“民本通达”试点情况。在总结试点的经验教训后，该方案有望于2个月之内在建行全面推行。 据该方案研发团队主要成
4,scratch,43,财经/799607.txt,财经,教育,0.2501900792121887,False,信贷趋紧下 银行贷款利率上浮,中小企业在一定程度上受影响，但贷款支持力度有望继续得到保证 沈易安 信贷从紧力度加大的情况下，以存贷差为主要利润来源的商业银行正面临严峻考验。《第一财经日报》近日从多家银行了解到，它们的贷款利
4,scratch,43,财经/799690.txt,财经,教育,0.2501722574234009,False,银行理财晒中考成绩：仅信托和澳元产品出色,7月，不仅意味着2010年上半年已成为过去时，还标志着又到了银行理财产品晒出自己年中“中考”成绩单、投资者们检查和调整投资决策的时候。近期，国内某知名理财调查研究机构给出了一组数据：据不完全统计，今年
4,scratch,43,财经/799898.txt,财经,教育,0.25031226873397827,False,银监会就发布商业银行声誉风险管理指引答问,银监会有关部门负责人就发布 《商业银行声誉风险管理指引》答记者问 近日，银监会发布了《商业银行声誉风险管理指引》(以下简称《管理指引》)，银监会有关负责人就相关问题回答了记者的提问。 问：
4,scratch,43,财经/799959.txt,财经,教育,0.25011786818504333,False,银行职员私改密码致储户被骗28万元,□记者刘昌武韩景玮实习生李宾宾 通讯员张胜利 本报讯 明知朋友要诈骗他人钱财，荥阳市农行一职员还私自篡改储户的银行卡密码，致使储户被骗28万元。昨天，郑州市上街区法院审结一起诈骗案，分文未得的
4,scratch,43,财经/799960.txt,财经,体育,0.25026577711105347,False,ATM又吐双倍钱 担心后患夫妻还钱要求立字据,记得以前有个人这样拿走十几万 如果当时找不到银行的人就打110 字据写明其他客户所做交易与他们无关 叹“做好事也不容易”出来打工只求安心 本报讯 (记者罗桦琳)按100元吐200元，按
4,scratch,43,财经/800186.txt,财经,教育,0.25022047758102417,False,招行南京分行首套房贷利率上调至8折,近期关于房贷优惠政策收紧的传言在南京终于有了先例——招商银行南京分行昨天中午下发通知，明确了首套房贷利率优惠由原来的7折上调为8折，在认定上以家庭为单位，但如果首套房贷还清，再贷还是认定为首套房，11
4,scratch,43,教育/284539.txt,教育,体育,0.2506158947944641,False,美国室友的独到见解：中国人都会功夫(图),那一年我去美国旅游，为了节省住宿费，我没住酒店，在加利福尼亚州的一个小镇上跟几个美国人合租一套公寓。那里在举办中国文化节，举办方在镇里的歌剧院组织了京剧、中国民乐表演，在镇中心广场舞起了狮子，当地电视
4,scratch,43,教育/284583.txt,教育,教育,0.2504616379737854,True,名师把脉：申请加拿大高额奖学金绝招,当申请奖学金的时候，你通常需要写一封信递交奖学金管理员咨询更多信息，要一张申请表或是简单地介绍一下自己。这是向管理员展示你是最佳候选人的绝好时机。所以在发信前花一些时间仔细斟酌，务必简明，扼要且信息全
4,scratch,43,教育/284608.txt,教育,教育,0.2508249580860138,True,权威指导：如何面对留学签证中的拒签,留学签证被拒签是会遇到的一个问题，面对拒签，因为没有成功案例，大部分留学机构选择沉默，通常的做法是重新组织材料，再次申请。这样的结果常常是赔了签证费又耽误时间。 分析指出，目前签证还是由各国领事馆
4,scratch,43,教育/284632.txt,教育,教育,0.25061750411987305,True,亲历：零距离接触纽宾士域省多元文化,据悉，由上海市因私出入境服务中心境外合作方：加拿大KBL顾问集团组织的第26批考察团已于上周末出发前，往加拿大东部的纽宾士域省展开为期10天的商务考察活动。据了解，此次考察团将走访纽宾士域省的代表性城
4,scratch,43,教育/284829.txt,教育,教育,0.2506507337093353,True,出国留学：走出“高层次”择业之路,谈论留学绕不开就业的话题，因为留学是学子们日后高层次就业的人生路径。就此问题，将在7月10日至11日由本报社区版于上海图书馆举办的大型留学择业咨询会上亮相的沪上四大著名留学机构的老总们是如何看待的？
4,scratch,43,教育/284956.txt,教育,教育,0.25038063526153564,True,打工族：新西兰推出“工作度假计划”,记者从广东侨谊海外交流服务中心获悉，根据2008年中国和新西兰签署的《中华人民共和国政府和新西兰政府自由贸易协定》，新西兰针对中国年轻人推出了一项“新西兰工作度假计划”。根据协议，新西兰每年将允许10
4,scratch,43,教育/285067.txt,教育,教育,0.2503734827041626,True,梦想成真：美女海归也有“空姐梦”(组图),本报讯 (记者黄琮 通讯员邵富强、南宣摄影报道)研究人体DNA排列的留学生、专业英语达到八级水平的美女硕士也来报名当空姐！近日南方航空在全国的空姐招募活动火爆异常。南航方面预计，今年空姐招募将成为有史
4,scratch,43,教育/285246.txt,教育,教育,0.2505475580692291,True,金融风暴催生澳大利亚商业移民热潮,项目简介 此类别主要是指申请人以自己的专业技能为基础，同时获得指定地区州政府或亲属担保的技术移民。此类签证要求申请人必须要符合澳洲技术移民的基本要求并具备澳大利亚技术职业列表(SOL)中对应职业的
4,scratch,43,教育/285369.txt,教育,体育,0.25058218836784363,False,特别策划：爆笑连连的出国故事猜猜看,刚刚出国时想必哥们儿姐们儿都因为英文不好跟老外过招时发生过搞笑的故事吧？只有想不到，没有做不到。新浪出国为您收集了14则爆笑的故事，和大家一起分享，让我们共同回忆在国外那些懵懂、青涩但难忘的岁月。
4,scratch,43,教育/285374.txt,教育,教育,0.2505345642566681,True,《泰晤士报》2010年大学排行榜出炉,名校排行 继《卫报》推出2010年英国大学排名之后，英国《泰晤士报》近日也公布了该报新一年度的大学排名。和往年一样，牛津和剑桥两所老牌名校的仍然占据了综合排名的第一和第二头两把交椅，但今年的专业排
4,scratch,43,教育/285591.txt,教育,教育,0.25059622526168823,True,最新动态：赴美签证将准备“提速”,晨报讯 据透露，旨在提速中国公民办理赴美签证的新政策目前正在酝酿之中，新政出台后，中国学生办理赴美留学的速度将更快、名校选择更多、获取奖学金的机会也更大。 北京因私出入境行业协会秘书长、鲲鹏国际总
4,scratch,43,教育/285593.txt,教育,教育,0.25044018030166626,True,留学生：晒晒我在耶鲁创办的杂志(组图),在耶鲁大学，学生们很乐忠于创办各种杂志期刊。每学期，都会有2到4本新杂志创刊，但可惜大都以失败而告终。我似乎总是对自己写杂志有浓厚的兴趣，由于当年gap year的时候，我已经有过一些编写杂志的经历，
4,scratch,43,娱乐/131610.txt,娱乐,财经,0.2500409185886383,False,国家开发银行原副行长王益受贿一审被判死缓,新华网北京4月15日电(记者陈菲) 北京市第一中级人民法院15日上午对国家开发银行原副行长王益作出一审判决，认定王益犯受贿罪，判处死刑，缓期二年执行，剥夺政治权利终身，没收个人全部财产。 北京市第
4,scratch,43,娱乐/131740.txt,娱乐,教育,0.25056034326553345,False,新周刊：陆川解读南京--生死之城生死之问(图),南京大屠杀，是72年前的事。 侵华日军在1937年12月13日之后长达数月的屠杀，超过30万中国人成为冤魂。 在当代中国人的记忆里，没有什么比它更沉重。 忘记历史就意味着背叛——那么，我们
4,scratch,43,娱乐/131759.txt,娱乐,体育,0.2504798173904419,False,实录：《爱有来生》主创专访 段奕宏曝女友身份,新浪娱乐讯 演员俞飞鸿转型导演的电影处女作《爱有来生》即将于8月26日公映。本片是国内第一部为中国的七夕情人节量身订做的电影，也成为了今年暑期档电影票房争夺战中最后压轴上映的影片。而8月14日，影片导
4,scratch,43,娱乐/131805.txt,娱乐,教育,0.25048285722732544,False,精品购物指南：2011翻拍之春抑或榨干之冬(图),撰文/杜晋华 王子烨 白郁虹 吕佳 编辑/王子烨 看看2011的片单，翻拍，又见翻拍——“经典”中寻宝、各路热门改编、直接走进“2.0”时代。一个聂小倩、两队杨家将、两位杨子荣、三个李小龙、三桌鸿
4,scratch,43,娱乐/131865.txt,娱乐,教育,0.25022652745246887,False,陈木胜新片翻拍《一线生机》 大S古天乐出演,本报讯 （记者杨林）如果有一天你的手机接到陌生女子电话，要你帮之奔忙并营救她于水深火热，你会怎么办？最近古天乐()就遇到这样的麻烦事。翻拍自好莱坞制作《一线生机》的《保持通话》近日在香港开机，男主角是
4,scratch,43,娱乐/131933.txt,娱乐,体育,0.25030532479286194,False,《证人》杀青谢霆锋攀爬竹梯不畏惧(组图),视频：谢霆锋张家辉张静初主演《证人》杀青 新浪娱乐讯 谢霆锋( 听歌)、张家辉(听歌 blog)、张静初( blog)等终于结束了新片《证人》最后一场戏的拍摄，正式宣告杀青。 当问到有了家庭
4,scratch,43,娱乐/132127.txt,娱乐,教育,0.2503834068775177,False,《筑梦2008》代表中国内地“申奥”(图),新浪娱乐讯 代表中国内地角逐第81届奥斯卡()最佳外语片的影片已经敲定为奥运题材影片《筑梦2008》。今年传统大片都纷纷放弃“申奥”，《筑梦2008》在与《隐形的翅膀》、《一个人的奥林匹克》等“小片”
4,scratch,43,娱乐/132192.txt,娱乐,教育,0.25028249621391296,False,王晶易稿打动刘德华 耗资过亿打造《未来警探》,新浪娱乐讯 据台湾媒体报道，台湾学者电影公司老板蔡松林已确认投拍王晶()编导的新戏《未来警察》。该片阵容强大，投资达6亿台币(1.5亿人民币)，除请来奥运会开幕式空中特技总设计也是香港最知名武指之一的
4,scratch,43,娱乐/132421.txt,娱乐,体育,0.2503115236759186,False,魏德圣失落奖项不遗憾 新片与李安吴宇森合作,新浪娱乐讯 热爆电影《海角七号》导演魏德圣虽然在6日金马奖颁奖礼上失落最佳导演及最佳剧情片奖，却赢得更难能可贵的两个“导演”奖。他前晚在《海》片派对上，获李安赏脸出席，他说：“我很满足，对手是大制作，
4,scratch,43,娱乐/132573.txt,娱乐,教育,0.25037097930908203,False,吴宇森回应《赤壁》争议：其实，你不懂我的心,拍一次三国，发一次思古之豪情，这是众多电影人梦寐以求的事情。昨日下午，终于圆梦的吴宇森满脸喜气地携夫人牛春龙(blog)，主创张山、小宋佳以及主题曲演唱者四川姑娘阿兰亮相武侯祠，为新上映的《赤壁(下)
4,scratch,43,娱乐/132743.txt,娱乐,教育,0.25028055906295776,False,第三届亚洲电影大奖蒋雯丽周迅赵薇争影后,荆楚网消息 (楚天都市报) 前日，第三届亚洲电影大奖公布提名名单，中国的《梅兰芳》、《赤壁》，日本的《悬崖上的金鱼姬》获得最佳影片提名，成为该奖项最有力竞争者。 冯小刚、吴宇森分别凭《非诚勿扰》
4,scratch,43,娱乐/132751.txt,娱乐,体育,0.2502835988998413,False,《杜拉拉升职记》6月开拍 徐静蕾香港选景(图),新浪娱乐讯 由尔冬升执导，成龙、徐静蕾、吴彦祖、范冰冰主演的电影《新宿事件》于今天亮相香港国际电影节。之前有传闻她将执导拍摄电影版《杜拉拉升职记》也得到了徐静蕾本人的印证。徐静蕾透露，新片可能将在6月
8,pretrained,43,体育/100080.txt,体育,体育,0.9886574149131775,True,现场：阿联助攻帮队友腾飞 奇才半场落后骑士8分,新浪体育讯 第二节，阿联篮下出手，球磕框而出。两队急于进攻随后各出现一次低级失误，骑士率先找到节奏，连续两次进攻得手。 奇才则采用大个球员提到上线接球策应的战术，与沃尔挡拆配合后，阿联接到传球，但
8,pretrained,43,体育/100169.txt,体育,体育,0.9964780807495117,True,现场：皇帝吃火锅头箍被打掉 斯隆不满吃技术犯规,第三节比赛开始，爵士终于有所起色，内线的杰弗森和米尔萨普率先发威，各自拿下两分，此后，德隆接管比赛，先是一记中投命中，然后助攻米尔萨普上篮得分。比赛进行到还剩8分47秒，詹姆斯投篮不中，波什抢下前场篮
8,pretrained,43,体育/100243.txt,体育,体育,0.9864226579666138,True,勒夫31分31板轰跑尼克斯 纳什发飙太阳主场灭国王,新浪体育讯 北京时间11月13日，森林狼大将凯文-勒夫发飙，砍下31分31个篮板，森林狼击败尼克斯，取得二连胜；小牛在主场击退76人；太阳在主场拿下国王。以下是这三场比赛的综述： 尼克斯103-森
8,pretrained,43,体育/100269.txt,体育,体育,0.9589831829071045,True,勒夫31篮板表现刺激阿联队友 麦基发微博誓言爆发,新浪体育讯 北京时间11月14日消息，据《华盛顿邮报》报道，奇才中锋贾维尔-麦基昨天的比赛里只抢到了两个篮板球，这已经是他本赛季第二次如此尴尬。而他现在也放言保证要加强篮板球。 比赛结束后，心情郁
8,pretrained,43,体育/100471.txt,体育,体育,0.9937479496002197,True,现场：米勒挂彩激发火箭血性 状元打三分保住领先,新浪体育讯 北京时间11月20日消息，火箭今天继续客场之旅，在多伦多面对猛龙。火箭半场43比51落后对手。 下半场，主力悉数上阵。但是火箭仍旧在凭借罚球得分。不过斯科拉率先开火，上篮得手之后，马丁
8,pretrained,43,体育/100585.txt,体育,体育,0.9474514126777649,True,奇才悍将：让全明星赛一边去 我今晚真是打兴奋了,新浪体育讯 北京时间11月24日(华盛顿时间23日)华盛顿奇才队主场迎战费城76人。上一次遇到对手时，两队就打进了加时，今天更是将比赛的悬念延展到第53分钟。最终，奇才评价尼克-杨的三分球，以两分的优
8,pretrained,43,体育/100681.txt,体育,体育,0.9304913282394409,True,怪异!14.5秒科比两次绝杀不投 输球他仍能欣慰一笑,当时爵士领先2分，科比持球，按上赛季大伙习惯了的剧情，这该是“绝杀时刻”。可这次的版本却180度转变，飞侠连续两次都没有选择自己进攻，而是传球给了阿泰。第一次，阿泰底角运了一步但空位半截篮弹筐而出；第
8,pretrained,43,体育/100739.txt,体育,体育,0.7920276522636414,True,斯科特抱怨裁判被罚3万5 骑士主帅过嘴瘾钱包遭殃,新浪体育讯 北京时间11月29日消息，据美联社报道，联盟的执行副总裁斯图-杰克逊宣布，骑士主帅拜伦-斯科特因为公开指责裁判判罚不公而被罚款35000美元。 两天前骑士100-111不敌魔术，赛后斯
8,pretrained,43,体育/100794.txt,体育,体育,0.9951004981994629,True,调查-火箭客场完败于小牛 您如何评价他们的表现？,新浪体育讯 北京时间11月30日，得州内战，火箭在客场以91-101不敌小牛。 火箭(5-12)技不如人，早早缴械投降。凯文-马丁17分，路易斯-斯科拉15分5个篮板，替补出场的布拉德-米勒11分
8,pretrained,43,体育/101091.txt,体育,体育,0.9797578454017639,True,费舍尔绝杀差一点就被帽 禅师没有他俩我们赢不了,新浪体育讯 北京时间12月9日消息，比赛时间越来越少，德里克-费舍尔控球，这位36岁的老将没有像季后赛那样选择在外线投篮，他做了一个不同的抉择，他用突破抛投命中压哨球，这让洛杉矶湖人队以87比86险胜
8,pretrained,43,体育/101113.txt,体育,体育,0.9125773310661316,True,疯狂专家谋划4队10人交易 火箭同时引进波什埃利斯,新浪体育讯 随着火箭强势反弹，火箭的各类新闻、流言也度过了平淡期，磨刀霍霍的杀了出来。一时间，各种交易线索交织在一起，煞是好看。其中《94red》的专职作者韦恩无疑是最疯狂的一位，他为火箭设计的交易计
8,pretrained,43,体育/101115.txt,体育,体育,0.8548864722251892,True,阿联直言打先发很淡定 湖人赛后经纪人找他谈合同,驻洛杉矶记者段冉12月8日报道 北京时间12月8日，斯台普斯中心的门前又呈现出赛季开幕战时的场面，门口早早就聚集了很多当地的中国球迷，那一场做客的是姚明，这一场，来的是阿联。 与湖人一战，由于先
8,pretrained,43,财经/799188.txt,财经,财经,0.8260896801948547,True,凶手持死者银行卡柜台提现 被害者家属状告银行,本报讯 (记者 于杰) 凶手杀人后用死者的银行卡在柜台成功提现6.3万元。凶手被执行死刑后，损失无法追回，被害者家属将凶手提现的农业银行顺义区支行告上法庭。昨天，此案在顺义法院开庭。 2006年7
8,pretrained,43,财经/799234.txt,财经,财经,0.7984696626663208,True,信用卡+工资卡 三招玩转信用卡理财,要玩转“信用卡”，需要“工资卡”的搭配。 首先，让自己的信用卡与借记卡挂钩起来，建立关联账户，这是信用卡还款的最佳方式。这主要是因为工资卡挂钩有定期的收入保证，保证了还款的及时性。不过，关联账户还
8,pretrained,43,财经/799258.txt,财经,财经,0.8913282752037048,True,五一刷卡谨防5%超限费 易引发滞纳金等费用,“五一”假期是都市人休息和休闲的好时光。随着假期的缩短，许多人的出游计划变为购物消费。而近年来信用卡成为越来越多成年人的消费首选。不过，如果持卡人不小心刷爆信用卡，很有可能被征收5%的超限费，甚至引发
8,pretrained,43,财经/799288.txt,财经,财经,0.5896230340003967,True,发卡量倒逼服务 招行信用卡艰难转身,本报记者 王芳艳 以信用卡发家的招商银行，在信用卡迅速扩张5年之后，犹如一头体重增长过快的大象，终于感到了前所未有的步履沉重。 到2008年8月，招行的信用卡发卡量飙升到2300万张卡，仅次于
8,pretrained,43,财经/799376.txt,财经,财经,0.9651817679405212,True,少还0.8元利息上千元 不同银行罚息差数万倍,文/表 记者方利平 少还几毛钱，却要按全额计付透支利息！在信用卡刷卡消费中，部分还款逾期却要按全额计息的规则，一直是个容易引起纠纷的话题。今年以来，部分银行将透支利息收取标准由全额计付改为部分计付
8,pretrained,43,财经/799462.txt,财经,财经,0.3719622492790222,True,布局民生 建行业务结构谋变,6月21日到6月27日期间，建行总行机构业务部相关负责人奔赴广东、陕西、重庆等地考察验收“民本通达”试点情况。在总结试点的经验教训后，该方案有望于2个月之内在建行全面推行。 据该方案研发团队主要成
8,pretrained,43,财经/799607.txt,财经,财经,0.894084632396698,True,信贷趋紧下 银行贷款利率上浮,中小企业在一定程度上受影响，但贷款支持力度有望继续得到保证 沈易安 信贷从紧力度加大的情况下，以存贷差为主要利润来源的商业银行正面临严峻考验。《第一财经日报》近日从多家银行了解到，它们的贷款利
8,pretrained,43,财经/799690.txt,财经,财经,0.842350423336029,True,银行理财晒中考成绩：仅信托和澳元产品出色,7月，不仅意味着2010年上半年已成为过去时，还标志着又到了银行理财产品晒出自己年中“中考”成绩单、投资者们检查和调整投资决策的时候。近期，国内某知名理财调查研究机构给出了一组数据：据不完全统计，今年
8,pretrained,43,财经/799898.txt,财经,财经,0.6150838136672974,True,银监会就发布商业银行声誉风险管理指引答问,银监会有关部门负责人就发布 《商业银行声誉风险管理指引》答记者问 近日，银监会发布了《商业银行声誉风险管理指引》(以下简称《管理指引》)，银监会有关负责人就相关问题回答了记者的提问。 问：
8,pretrained,43,财经/799959.txt,财经,财经,0.4446651339530945,True,银行职员私改密码致储户被骗28万元,□记者刘昌武韩景玮实习生李宾宾 通讯员张胜利 本报讯 明知朋友要诈骗他人钱财，荥阳市农行一职员还私自篡改储户的银行卡密码，致使储户被骗28万元。昨天，郑州市上街区法院审结一起诈骗案，分文未得的
8,pretrained,43,财经/799960.txt,财经,财经,0.4932301938533783,True,ATM又吐双倍钱 担心后患夫妻还钱要求立字据,记得以前有个人这样拿走十几万 如果当时找不到银行的人就打110 字据写明其他客户所做交易与他们无关 叹“做好事也不容易”出来打工只求安心 本报讯 (记者罗桦琳)按100元吐200元，按
8,pretrained,43,财经/800186.txt,财经,财经,0.844936192035675,True,招行南京分行首套房贷利率上调至8折,近期关于房贷优惠政策收紧的传言在南京终于有了先例——招商银行南京分行昨天中午下发通知，明确了首套房贷利率优惠由原来的7折上调为8折，在认定上以家庭为单位，但如果首套房贷还清，再贷还是认定为首套房，11
8,pretrained,43,教育/284539.txt,教育,房产,0.4456576108932495,False,美国室友的独到见解：中国人都会功夫(图),那一年我去美国旅游，为了节省住宿费，我没住酒店，在加利福尼亚州的一个小镇上跟几个美国人合租一套公寓。那里在举办中国文化节，举办方在镇里的歌剧院组织了京剧、中国民乐表演，在镇中心广场舞起了狮子，当地电视
8,pretrained,43,教育/284583.txt,教育,教育,0.7427368760108948,True,名师把脉：申请加拿大高额奖学金绝招,当申请奖学金的时候，你通常需要写一封信递交奖学金管理员咨询更多信息，要一张申请表或是简单地介绍一下自己。这是向管理员展示你是最佳候选人的绝好时机。所以在发信前花一些时间仔细斟酌，务必简明，扼要且信息全
8,pretrained,43,教育/284608.txt,教育,教育,0.9563143849372864,True,权威指导：如何面对留学签证中的拒签,留学签证被拒签是会遇到的一个问题，面对拒签，因为没有成功案例，大部分留学机构选择沉默，通常的做法是重新组织材料，再次申请。这样的结果常常是赔了签证费又耽误时间。 分析指出，目前签证还是由各国领事馆
8,pretrained,43,教育/284632.txt,教育,教育,0.2965143620967865,True,亲历：零距离接触纽宾士域省多元文化,据悉，由上海市因私出入境服务中心境外合作方：加拿大KBL顾问集团组织的第26批考察团已于上周末出发前，往加拿大东部的纽宾士域省展开为期10天的商务考察活动。据了解，此次考察团将走访纽宾士域省的代表性城
8,pretrained,43,教育/284829.txt,教育,教育,0.9254356026649475,True,出国留学：走出“高层次”择业之路,谈论留学绕不开就业的话题，因为留学是学子们日后高层次就业的人生路径。就此问题，将在7月10日至11日由本报社区版于上海图书馆举办的大型留学择业咨询会上亮相的沪上四大著名留学机构的老总们是如何看待的？
8,pretrained,43,教育/284956.txt,教育,教育,0.8894544839859009,True,打工族：新西兰推出“工作度假计划”,记者从广东侨谊海外交流服务中心获悉，根据2008年中国和新西兰签署的《中华人民共和国政府和新西兰政府自由贸易协定》，新西兰针对中国年轻人推出了一项“新西兰工作度假计划”。根据协议，新西兰每年将允许10
8,pretrained,43,教育/285067.txt,教育,时政,0.28272441029548645,False,梦想成真：美女海归也有“空姐梦”(组图),本报讯 (记者黄琮 通讯员邵富强、南宣摄影报道)研究人体DNA排列的留学生、专业英语达到八级水平的美女硕士也来报名当空姐！近日南方航空在全国的空姐招募活动火爆异常。南航方面预计，今年空姐招募将成为有史
8,pretrained,43,教育/285246.txt,教育,教育,0.9536532163619995,True,金融风暴催生澳大利亚商业移民热潮,项目简介 此类别主要是指申请人以自己的专业技能为基础，同时获得指定地区州政府或亲属担保的技术移民。此类签证要求申请人必须要符合澳洲技术移民的基本要求并具备澳大利亚技术职业列表(SOL)中对应职业的
8,pretrained,43,教育/285369.txt,教育,游戏,0.525242030620575,False,特别策划：爆笑连连的出国故事猜猜看,刚刚出国时想必哥们儿姐们儿都因为英文不好跟老外过招时发生过搞笑的故事吧？只有想不到，没有做不到。新浪出国为您收集了14则爆笑的故事，和大家一起分享，让我们共同回忆在国外那些懵懂、青涩但难忘的岁月。
8,pretrained,43,教育/285374.txt,教育,教育,0.8844548463821411,True,《泰晤士报》2010年大学排行榜出炉,名校排行 继《卫报》推出2010年英国大学排名之后，英国《泰晤士报》近日也公布了该报新一年度的大学排名。和往年一样，牛津和剑桥两所老牌名校的仍然占据了综合排名的第一和第二头两把交椅，但今年的专业排
8,pretrained,43,教育/285591.txt,教育,教育,0.8734578490257263,True,最新动态：赴美签证将准备“提速”,晨报讯 据透露，旨在提速中国公民办理赴美签证的新政策目前正在酝酿之中，新政出台后，中国学生办理赴美留学的速度将更快、名校选择更多、获取奖学金的机会也更大。 北京因私出入境行业协会秘书长、鲲鹏国际总
8,pretrained,43,教育/285593.txt,教育,游戏,0.5634401440620422,False,留学生：晒晒我在耶鲁创办的杂志(组图),在耶鲁大学，学生们很乐忠于创办各种杂志期刊。每学期，都会有2到4本新杂志创刊，但可惜大都以失败而告终。我似乎总是对自己写杂志有浓厚的兴趣，由于当年gap year的时候，我已经有过一些编写杂志的经历，
8,pretrained,43,娱乐/131610.txt,娱乐,时政,0.7058048248291016,False,国家开发银行原副行长王益受贿一审被判死缓,新华网北京4月15日电(记者陈菲) 北京市第一中级人民法院15日上午对国家开发银行原副行长王益作出一审判决，认定王益犯受贿罪，判处死刑，缓期二年执行，剥夺政治权利终身，没收个人全部财产。 北京市第
8,pretrained,43,娱乐/131740.txt,娱乐,科技,0.28724318742752075,False,新周刊：陆川解读南京--生死之城生死之问(图),南京大屠杀，是72年前的事。 侵华日军在1937年12月13日之后长达数月的屠杀，超过30万中国人成为冤魂。 在当代中国人的记忆里，没有什么比它更沉重。 忘记历史就意味着背叛——那么，我们
8,pretrained,43,娱乐/131759.txt,娱乐,娱乐,0.8487653732299805,True,实录：《爱有来生》主创专访 段奕宏曝女友身份,新浪娱乐讯 演员俞飞鸿转型导演的电影处女作《爱有来生》即将于8月26日公映。本片是国内第一部为中国的七夕情人节量身订做的电影，也成为了今年暑期档电影票房争夺战中最后压轴上映的影片。而8月14日，影片导
8,pretrained,43,娱乐/131805.txt,娱乐,娱乐,0.6627489328384399,True,精品购物指南：2011翻拍之春抑或榨干之冬(图),撰文/杜晋华 王子烨 白郁虹 吕佳 编辑/王子烨 看看2011的片单，翻拍，又见翻拍——“经典”中寻宝、各路热门改编、直接走进“2.0”时代。一个聂小倩、两队杨家将、两位杨子荣、三个李小龙、三桌鸿
8,pretrained,43,娱乐/131865.txt,娱乐,娱乐,0.8530382513999939,True,陈木胜新片翻拍《一线生机》 大S古天乐出演,本报讯 （记者杨林）如果有一天你的手机接到陌生女子电话，要你帮之奔忙并营救她于水深火热，你会怎么办？最近古天乐()就遇到这样的麻烦事。翻拍自好莱坞制作《一线生机》的《保持通话》近日在香港开机，男主角是
8,pretrained,43,娱乐/131933.txt,娱乐,娱乐,0.9808825254440308,True,《证人》杀青谢霆锋攀爬竹梯不畏惧(组图),视频：谢霆锋张家辉张静初主演《证人》杀青 新浪娱乐讯 谢霆锋( 听歌)、张家辉(听歌 blog)、张静初( blog)等终于结束了新片《证人》最后一场戏的拍摄，正式宣告杀青。 当问到有了家庭
8,pretrained,43,娱乐/132127.txt,娱乐,娱乐,0.7783820629119873,True,《筑梦2008》代表中国内地“申奥”(图),新浪娱乐讯 代表中国内地角逐第81届奥斯卡()最佳外语片的影片已经敲定为奥运题材影片《筑梦2008》。今年传统大片都纷纷放弃“申奥”，《筑梦2008》在与《隐形的翅膀》、《一个人的奥林匹克》等“小片”
8,pretrained,43,娱乐/132192.txt,娱乐,娱乐,0.9488247632980347,True,王晶易稿打动刘德华 耗资过亿打造《未来警探》,新浪娱乐讯 据台湾媒体报道，台湾学者电影公司老板蔡松林已确认投拍王晶()编导的新戏《未来警察》。该片阵容强大，投资达6亿台币(1.5亿人民币)，除请来奥运会开幕式空中特技总设计也是香港最知名武指之一的
8,pretrained,43,娱乐/132421.txt,娱乐,娱乐,0.9337824583053589,True,魏德圣失落奖项不遗憾 新片与李安吴宇森合作,新浪娱乐讯 热爆电影《海角七号》导演魏德圣虽然在6日金马奖颁奖礼上失落最佳导演及最佳剧情片奖，却赢得更难能可贵的两个“导演”奖。他前晚在《海》片派对上，获李安赏脸出席，他说：“我很满足，对手是大制作，
8,pretrained,43,娱乐/132573.txt,娱乐,娱乐,0.8323084115982056,True,吴宇森回应《赤壁》争议：其实，你不懂我的心,拍一次三国，发一次思古之豪情，这是众多电影人梦寐以求的事情。昨日下午，终于圆梦的吴宇森满脸喜气地携夫人牛春龙(blog)，主创张山、小宋佳以及主题曲演唱者四川姑娘阿兰亮相武侯祠，为新上映的《赤壁(下)
8,pretrained,43,娱乐/132743.txt,娱乐,娱乐,0.9632457494735718,True,第三届亚洲电影大奖蒋雯丽周迅赵薇争影后,荆楚网消息 (楚天都市报) 前日，第三届亚洲电影大奖公布提名名单，中国的《梅兰芳》、《赤壁》，日本的《悬崖上的金鱼姬》获得最佳影片提名，成为该奖项最有力竞争者。 冯小刚、吴宇森分别凭《非诚勿扰》
8,pretrained,43,娱乐/132751.txt,娱乐,娱乐,0.9497503638267517,True,《杜拉拉升职记》6月开拍 徐静蕾香港选景(图),新浪娱乐讯 由尔冬升执导，成龙、徐静蕾、吴彦祖、范冰冰主演的电影《新宿事件》于今天亮相香港国际电影节。之前有传闻她将执导拍摄电影版《杜拉拉升职记》也得到了徐静蕾本人的印证。徐静蕾透露，新片可能将在6月
8,pretrained,43,科技/481801.txt,科技,科技,0.4122062921524048,True,未来十大最具特色摩天大楼(组图),新浪科技讯 北京时间9月22日消息，据美国《大众机械》杂志报道，提起摩天大楼，人们自然而然会想到迪拜。这是因为迪拜塔在这个月成为世界上最高的建筑，尽管直到现在仍未竣工。 迪拜是世界建筑上的一个传奇
8,pretrained,43,科技/482102.txt,科技,科技,0.39558929204940796,True,英国明年将推三维立体电视节目(组图),拍摄三维立体画面使用的两台摄像机 英国广播公司播出的苏格兰队在六国橄榄球锦标赛中击败英格兰队比赛的三维立体节目画面 新浪科技讯 北京时间12月19日消息，据英国《每日邮报》报道，英国天空电视台
8,pretrained,43,科技/482208.txt,科技,教育,0.4864369332790375,False,英美科学家联合研发新型增强记忆力药物,新浪科技讯 北京时间1月20日消息，据英国《泰晤士报》报道，英国和美国医药公司正在研发一系列具有可提高记忆力的潜能的药物，它们声称，不久后人们就可以利用这种药物在工作或者考试中取得更好的成绩。 虽
8,pretrained,43,科技/482213.txt,科技,科技,0.34081143140792847,True,南极探秘之旅抵达蓬塔 夏天感受刺骨寒流(图),蓬塔惟一的中国餐馆彩虹餐厅，专做南极游客生意 南极探秘之旅抵达“南极前哨”蓬塔，在南半球夏天感受刺骨寒流 蓬塔：离祖国最远 离南极最近 本报讯 在西班牙语中，“蓬塔”是“顶端”的意思，蓬塔
8,pretrained,43,科技/482274.txt,科技,科技,0.8871862292289734,True,美再度推迟发现号航天飞机发射,新华网华盛顿2月7日电（记者任海军）美国宇航局7日发布消息说，由于需要更多时间对“发现”号航天飞机的飞行控制阀进行安全评估，“发现”号的发射日期将继续推迟。 美宇航局说，目前“发现”号最早可能于2
8,pretrained,43,科技/482388.txt,科技,科技,0.915596604347229,True,英国科学家征集鬼照欲解灵异现象(组图),古城堡孩子在火炮前玩耍，前面出现一个透明的“无头军人” 美国一地下室内出现的所谓“幽灵鬼怪” 女生合影中，在大腿之中出现了神秘的小孩面孔 一个奇异的“鬼怪”出现在土耳其安卡拉的一个建筑物上 这
8,pretrained,43,科技/482422.txt,科技,科技,0.7526330351829529,True,马来西亚世界首家猩猩育婴院探秘(图),马来西亚猩猩育婴院里的猩猩享人类待遇、憨态可掬 位于马来西亚丛林的武吉美拉湖自然风景区里有一家新生儿看护医院，但是这里看护的对象不是人类的小宝宝，而是红毛猩猩的幼崽，它是世界上唯一的红毛猩猩育婴医
8,pretrained,43,科技/482471.txt,科技,科技,0.8477199077606201,True,3500年前埃及女法老香水有望重现人世(图),埃及女王哈特舍普苏特的木乃伊 埃及女王的金属罐 这名强悍的埃及女王对埃及的统治从公元前约1479年开始，统治时间长达20多年。最近，德国波恩大学埃及博物馆的研究人员对这位著名女王的一个金属罐进
8,pretrained,43,科技/482563.txt,科技,科技,0.5486677885055542,True,荷兰调查发现适量饮葡萄酒有助男性益寿,新华网北京5月3日电 荷兰研究者的一项调查显示，每天适量喝葡萄酒有助于男性保健益寿。这一结果可能与葡萄酒有助降低患心脏病的风险有关。 荷兰瓦赫宁恩大学的研究人员根据当地的医疗档案，选择了1373名
8,pretrained,43,科技/482742.txt,科技,科技,0.4348886013031006,True,美科学家苦心研制时间机器为见去世父亲(图),新浪科技讯 北京时间6月25日消息 据美国广播公司报道，对一些人来说，时间旅行的想法就是白日做梦；然而对另一些人来说，时间旅行属于科学范畴。但是对美国物理学家罗纳德·马利特(Ronald Mallet
8,pretrained,43,科技/482816.txt,科技,科技,0.930703341960907,True,日本科学家发现人体能发出可见光(图),人体发光 新浪科技讯 北京时间7月23日消息，据美国生活科学网报道，科学家发现，人体会发光，可以发出一种微弱的可见光，光的强度在一天内起伏波动。 之前的研究已经发现，身体会发光，只是比我们肉眼
8,pretrained,43,科技/482864.txt,科技,科技,0.48728713393211365,True,美国小猎犬过26岁生日成最长寿的狗(组图),新浪科技讯 北京时间8月11日消息 据英国《每日邮报》报道，9日，美国路易斯安那州杂种小猎犬“马克斯”迎来自己的26岁生日，就此成为“世界上最长寿狗”这一头衔的有力争夺者。 如果按狗龄计算的话，现
8,pretrained,43,房产/264441.txt,房产,房产,0.9242835640907288,True,四方桥公园地产华瀚国际现房直降98折(图),3、华瀚国际 (论坛 相册 户型 样板间 地图搜索) 推荐理由：四方区域地标、四座公园环抱 华瀚国际目前仅剩一套南向72平米一居，总价185万。其余在售户型还有220-280平米大户型，均价2
8,pretrained,43,房产/264447.txt,房产,房产,0.9664974212646484,True,大宁山庄3期新房源均价9200元,10、大宁山庄 (论坛 相册 户型 样板间 地图搜索) 图为大宁山庄项目实景图 大宁山庄三期2009年10月底开盘销售。 三期为6层低密度花园洋房，1梯2户，目前在售户型面积仅剩三居145平方米，
8,pretrained,43,房产/264595.txt,房产,房产,0.7406364679336548,True,埃及多方出击应对住房危机,过去，埃及的城镇住房以独门独院的平房为主，富裕的人家盖两层小楼。上世纪七十年代以来城市人口剧增，仅开罗市就有1500万人，占全国人口的四分之一，城市问题越来越严重，其中最突出的就是住房危机。埃及政府采
8,pretrained,43,房产/264650.txt,房产,房产,0.8492517471313477,True,物业管理合同签订注意事项,主持人：刚才你也谈到，在物业管理的过程中，物业公司和业主一定要依据合同办事。我们再来谈一下关于和物业公司签合同的情况，国良作为一个过来的业主，在签物业管理合同时要注意什么呢？ 相国良：其实主持人问
8,pretrained,43,房产/264749.txt,房产,房产,0.8005490303039551,True,东亚新华：客户积累是企业生存的保障,韩磊：所以我们花了很长时间去谈，谈完以后我们做了一个服务手册，上面都有明示。我们也为业主做了一个VIP卡，你只要出示这个VIP卡就可以享受到优惠。 第二，普发银行也找到我们，他们也找我们进行合作。
8,pretrained,43,房产/264755.txt,房产,房产,0.8733921051025391,True,预告：26日陈艳萍讲述保利垄上的热销精神,"进入09年之后，保利地产(企业专区,旗下楼盘)在全国各地的销售形势均十分良好，市场份额不断攀升。据不完全统计，2009年3月，保利地产在所进驻城市的市场份额与2008年同期均大幅上升。其中，一线城市市"
8,pretrained,43,房产/265243.txt,房产,房产,0.7117537260055542,True,高居欠税榜表明房企很差钱,本报讯 (记者鲁欢)近日，北京、广州两地地税局都公布了最新欠税公告，欠税大户多是房地产开发企业，北京9家欠税大户，房企占了7家，广州10家欠税大户，房企占了9家。业内人士认为，房企频现欠税榜，是从去年
8,pretrained,43,房产/265415.txt,房产,房产,0.5868873000144958,True,超级大盘股中国建筑获IPO批文 拟募资426亿,作者 申屠青南 中证网讯 中国建筑的保荐机构10日向中国证券报记者证实，中国建筑已在10日获得IPO批文，并将在13日刊登《招股说明书》启动发行工作。中国建筑是IPO重启后，第六家获得IPO批文的
8,pretrained,43,房产/265436.txt,房产,财经,0.5784059166908264,False,碧桂园销售数据打架 半年88亿遭质疑,"作者：武瑾莹 碧桂园(企业专区,旗下楼盘)本月的公司通讯原计划是在下周才对外发布，但在今日就提前发布似乎是为了回应近日对其销售状况的有关质疑。 7月15日，碧桂园发布了最新的公司通讯，据碧桂园"
8,pretrained,43,房产/265449.txt,房产,财经,0.5417494773864746,False,中报揭示贫富分化 楼市回暖捧红四大天王业绩,在过去一年，中国楼市经历了从持续观望到交易火爆的“过山车”式反转，也让本来硝烟弥漫的房地产业竞争愈发激烈。房地产上市公司中报预报显示，以“招(商)、保(利)、万(科)、金(地)”为龙头的房地产“四大天
8,pretrained,43,房产/265497.txt,房产,房产,0.8153839111328125,True,雅居乐一年时间仅拿一块地,"每经实习记者 朱玲 发自广州 楼市向好，各家开发商都在积极囤地之际，“华南五虎”之一的雅居乐地产(企业专区,旗下楼盘)却是不慌不忙。从去年7月到今年7月一年的时间，仅仅拿下广东佛山南海区一幅地块，"
8,pretrained,43,房产/265599.txt,房产,财经,0.48840975761413574,False,地产股不差钱 万科获建行授信500亿,每经记者 李文艺 发自成都 今日，房地产龙头企业万科A(000002，SZ)发布公告称，已与建设银行签署了 《战略合作协议》，建设银行将向公司提供授信额度500亿元人民币。据了解，这是继2007年
8,pretrained,43,游戏/406490.txt,游戏,游戏,0.9858724474906921,True,《反恐行动OL》电子竞技大赛周赛战报,【富贵兵团】 80084 58569 66562 73380 神秘 73050 54806 60680 59560 [狼族] 58037 40011 53319 52865 羲战队 45918
8,pretrained,43,游戏/406677.txt,游戏,游戏,0.7866126894950867,True,820寻找强援 全新EHOME将成型,在确认了Burning和KingJ离队之后，EHOME俱乐部经理71以及战队队长820立刻连夜开始寻找替代他们的选手的行动中，到现在，尚未有官方新闻爆出。不过在小编与相关人士的交谈中，对方表示全新EH
8,pretrained,43,游戏/407056.txt,游戏,体育,0.7088173627853394,False,台湾电竞 S&K联赛报道第21场战况报道,【台湾电竞联盟台湾游戏网专稿】 SF“特种部队”项目，本场比赛交战地图是“阿富汗”，由于地图狭小，2队都摆出了“5步枪”的阵形，先攻的曜越太阳神，在“闷骚步枪手”Hydra(周仕杰)开局的1打2领
8,pretrained,43,游戏/407140.txt,游戏,财经,0.5135452151298523,False,摩根士坦利：完美时空股价被低估建议增持,新浪科技讯 北京时间5月19日早间消息，据国外媒体报道，摩根士丹利今天发表报告称，《神鬼传奇》和《诛仙》将推动完美时空业绩继续增长，并认为其现时股价被低估，对其股票评级为“增持”(Overweight
8,pretrained,43,游戏/407162.txt,游戏,游戏,0.9740736484527588,True,红楼梦、新绝之鱼戏江湖开始网上预购,"娱乐通研发，游戏天堂发行,最新加入“王牌vs王牌”系列产品《红楼梦》《新绝代双骄之鱼戏江湖篇》简体中文版即将在2009年新年1月上市！ 这两款最后加入“王牌VS王牌”系列的产品现已在寰宇之星网上商"
8,pretrained,43,游戏/407222.txt,游戏,游戏,0.9253460764884949,True,《科林麦克雷：尘埃2》今年9月发售,开发商Codemasters于旧金山游戏日“San Francisco Gamers Day”公布了旗下越野竞速大作《科林麦克雷拉力赛之尘埃2(Colin McRae: DiRT 2)》的发售日期，该
8,pretrained,43,游戏/407249.txt,游戏,游戏,0.9199747443199158,True,格斗游戏《奇诺冲突》Steam预售开始,这款名字很奇怪的游戏《奇诺冲突》(Zeno Clash)应该没有多少玩家听说过，这是一款由ACE Team开发的动作格斗游戏，而ACE Team也是业界新兵，本作是ACE Team的首部游戏。 由
8,pretrained,43,游戏/407254.txt,游戏,游戏,0.8606736660003662,True,虚幻引擎3动作游戏《黑光》新作公布,曾经开发过多款大受好评电脑军事游戏的美国Zombie Studios公司，日前宣布与福克斯电影合作，将会进行一项跨平台的游戏开发计划，两家公司将会合作开发一款科幻战争动作游戏《黑光》(Blacklig
8,pretrained,43,游戏/407401.txt,游戏,游戏,0.8794894814491272,True,EA红杉海岸工作室更名 专注动作游戏,EA公司今天宣布了一项关于旗下工作室的消息，EA的红杉海岸工作室(EA Redwood Shores Studio)现在更名为Visceral Games。 “Visceral”这个词的意思是“内
8,pretrained,43,游戏/407431.txt,游戏,游戏,0.5374069809913635,True,《街头霸王4》美版白送游戏专用手把,CAPCOM最近宣布，他们全球热卖破200万套的格斗超大作《街头霸王4》将会在7月2日推出PC版本，北美区预计7月7日推出，而且同捆一支由美国Mad Catz公司推出的专用格斗手把，虽然多了手把但售价
8,pretrained,43,游戏/407489.txt,游戏,游戏,0.5049943923950195,True,植物逆袭！环境危机《地球不再》公布,芬兰游戏公司Recoil Games日前表示，原本开发《永远的毁灭公爵》的美国3D Realms公司在前一阵宣布倒闭，不过他们在2007年接受委托开发的新射击游戏《地球不再》(Earth No Mor
8,pretrained,43,游戏/407519.txt,游戏,游戏,0.9687929153442383,True,老式机动车赛车游戏《火焰爆发》公布,Black Inc.宣布将发行一款越野赛车游戏《火焰爆发》(Fireburst)，本作由exDream负责开发，采用虚幻引擎3开发。 本作是一款非常规的赛车游戏，游戏的赛道都设定在贫瘠的沙石地上，
8,pretrained,43,时政/339771.txt,时政,时政,0.8119245171546936,True,美军F-15E战机在阿富汗坠毁2人死亡(图),新华网喀布尔7月18日电 驻阿富汗美军18日说，美军一架F－15E战斗机当天在阿富汗东部坠毁，造成两名机组人员死亡。 美军发表声明说，这架飞机当天凌晨在阿富汗东部执行作战任务时坠毁，但“并非被地面
8,pretrained,43,时政/339791.txt,时政,时政,0.46146559715270996,True,美国拟开发出口型F-22隐形战机销售给日本(图),人民网9月12日讯 美国会参议院拨款委员会近日通过决议，敦促美空军投资研发“出口型”F-22“猛禽”隐身战机，以便满足日本、以色列和澳大利亚等盟友装备这种战机的“迫切需求”。此前，美国会参众两院曾通过
8,pretrained,43,时政/340097.txt,时政,时政,0.5634358525276184,True,陈水扁当局任内债台高筑,人民网7月30日电 台“审计部”二零零七年度“中央”总决算审核报告昨天出炉，报告指出，当局债务逐年攀升，一年以上债务余额从二零零二年底的二兆八三一七亿元，遽增到二零零七年底的三兆六一四四亿余元，仅利息
8,pretrained,43,时政/340103.txt,时政,时政,0.9064105153083801,True,台湾水利官员涉嫌接受性招待被起诉,【新民网讯】台湾检察机关近日查出，当局水利部门官员涉嫌接受厂商性招待、喝花酒、违法更改设计、追加预算图利承包商，7月30日检方将许哲彦等六名官商依贪污罪起诉，检察官痛批“根本就是豆腐渣工程！” 来
8,pretrained,43,时政/340147.txt,时政,时政,0.36495500802993774,True,黄华麒出任香港广播处长,中新网8月7日电 据香港特区政府网站消息，香港特区政府7日宣布，经进行公开及内部招聘后，现委任黄华麒为广播处长。他将于2008年8月8日履新。 香港公务员事务局局长俞宗怡对黄华麒的任命表示欢迎，她
8,pretrained,43,时政/340201.txt,时政,时政,0.637502133846283,True,澳门立会签署特首选举法审议意见书,中新网8月18日电 据澳门日报报道，澳门立法会第二常设委员会日前签署了《行政长官选举法》法案审议意见书。特区政府最后与委员会达共识，修改行文，订明适用例外制度的可能性，明确犯罪未遂仅在某些被视为较严重
8,pretrained,43,时政/340240.txt,时政,时政,0.9049202799797058,True,商务部新三定方案获批 成立反垄断局,新华网北京8月23日电（记者 王优玲）记者23日从商务部获悉，商务部新“三定”方案获国务院批准。根据商务部公布的《商务部主要职责内设机构和人员编制规定》，商务部成立反垄断局，“承担《反垄断法》规定的国
8,pretrained,43,时政/340348.txt,时政,时政,0.8968126773834229,True,江丙坤结束对日本访问返台,中新网8月29日电 国民党副主席江丙坤日前率团前往日本访问，今天搭机返台，他说，此行主要拜会日本各主要政党说明目前的两岸关系，日方也欢迎内定“驻日代表”人选。 据“中央社”报道，江丙坤25日率团前
8,pretrained,43,时政/340490.txt,时政,时政,0.5297890305519104,True,武汉市纪委累计为387名受诬告者澄清问题,本报武汉9月7日电（记者雷宇）“我们决不放过一个腐败分子，也不能让好人受冤枉。”武汉市纪委日前通报，去年以来，该市纪委在加大反腐力度的同时，也为387名受到诬告错告的同志澄清了问题。 去年以来，武
8,pretrained,43,时政/340532.txt,时政,时政,0.35670357942581177,True,审计署：审计涵盖救灾款物接收和发放渠道,新华网北京9月10日专电 9月10日15时，审计署副审计长余效明接受中国政府网专访，就“加强救灾款物发放审计，提高救灾款物使用效率”与网友在线交流。 [网友 友力]汶川地震发生后，社会各界通过各种
8,pretrained,43,时政/340798.txt,时政,时政,0.874787449836731,True,国务院督查组到河北督促检查婴幼儿奶粉事件,新华网石家庄9月26日电（记者吕国庆）国务院督查组一行8人，26日来到河北省对婴幼儿奶粉事件处置情况进行专项督查。 卫生部副部长刘谦一行8人，当日下午听取了河北省有关人员对婴幼儿奶粉的处置情况的汇
8,pretrained,43,时政/340889.txt,时政,时政,0.8045527935028076,True,农业部部长称将奶站100%纳入监管,中新网10月4日电 中国农业部部长孙政才强调，要不折不扣地完成奶站清理整顿各项任务，10月5日前要完成奶站登记造册，将奶站100%纳入监管范围，规范奶站资质和条件。严厉打击违法添加三聚氰胺等有毒有害物
8,scratch,43,体育/100080.txt,体育,体育,0.12533055245876312,True,现场：阿联助攻帮队友腾飞 奇才半场落后骑士8分,新浪体育讯 第二节，阿联篮下出手，球磕框而出。两队急于进攻随后各出现一次低级失误，骑士率先找到节奏，连续两次进攻得手。 奇才则采用大个球员提到上线接球策应的战术，与沃尔挡拆配合后，阿联接到传球，但
8,scratch,43,体育/100169.txt,体育,体育,0.12564760446548462,True,现场：皇帝吃火锅头箍被打掉 斯隆不满吃技术犯规,第三节比赛开始，爵士终于有所起色，内线的杰弗森和米尔萨普率先发威，各自拿下两分，此后，德隆接管比赛，先是一记中投命中，然后助攻米尔萨普上篮得分。比赛进行到还剩8分47秒，詹姆斯投篮不中，波什抢下前场篮
8,scratch,43,体育/100243.txt,体育,体育,0.12552274763584137,True,勒夫31分31板轰跑尼克斯 纳什发飙太阳主场灭国王,新浪体育讯 北京时间11月13日，森林狼大将凯文-勒夫发飙，砍下31分31个篮板，森林狼击败尼克斯，取得二连胜；小牛在主场击退76人；太阳在主场拿下国王。以下是这三场比赛的综述： 尼克斯103-森
8,scratch,43,体育/100269.txt,体育,体育,0.12602725625038147,True,勒夫31篮板表现刺激阿联队友 麦基发微博誓言爆发,新浪体育讯 北京时间11月14日消息，据《华盛顿邮报》报道，奇才中锋贾维尔-麦基昨天的比赛里只抢到了两个篮板球，这已经是他本赛季第二次如此尴尬。而他现在也放言保证要加强篮板球。 比赛结束后，心情郁
8,scratch,43,体育/100471.txt,体育,体育,0.12571316957473755,True,现场：米勒挂彩激发火箭血性 状元打三分保住领先,新浪体育讯 北京时间11月20日消息，火箭今天继续客场之旅，在多伦多面对猛龙。火箭半场43比51落后对手。 下半场，主力悉数上阵。但是火箭仍旧在凭借罚球得分。不过斯科拉率先开火，上篮得手之后，马丁
8,scratch,43,体育/100585.txt,体育,体育,0.1259419173002243,True,奇才悍将：让全明星赛一边去 我今晚真是打兴奋了,新浪体育讯 北京时间11月24日(华盛顿时间23日)华盛顿奇才队主场迎战费城76人。上一次遇到对手时，两队就打进了加时，今天更是将比赛的悬念延展到第53分钟。最终，奇才评价尼克-杨的三分球，以两分的优
8,scratch,43,体育/100681.txt,体育,科技,0.12592609226703644,False,怪异!14.5秒科比两次绝杀不投 输球他仍能欣慰一笑,当时爵士领先2分，科比持球，按上赛季大伙习惯了的剧情，这该是“绝杀时刻”。可这次的版本却180度转变，飞侠连续两次都没有选择自己进攻，而是传球给了阿泰。第一次，阿泰底角运了一步但空位半截篮弹筐而出；第
8,scratch,43,体育/100739.txt,体育,体育,0.12575533986091614,True,斯科特抱怨裁判被罚3万5 骑士主帅过嘴瘾钱包遭殃,新浪体育讯 北京时间11月29日消息，据美联社报道，联盟的执行副总裁斯图-杰克逊宣布，骑士主帅拜伦-斯科特因为公开指责裁判判罚不公而被罚款35000美元。 两天前骑士100-111不敌魔术，赛后斯
8,scratch,43,体育/100794.txt,体育,体育,0.12571409344673157,True,调查-火箭客场完败于小牛 您如何评价他们的表现？,新浪体育讯 北京时间11月30日，得州内战，火箭在客场以91-101不敌小牛。 火箭(5-12)技不如人，早早缴械投降。凯文-马丁17分，路易斯-斯科拉15分5个篮板，替补出场的布拉德-米勒11分
8,scratch,43,体育/101091.txt,体育,体育,0.12591257691383362,True,费舍尔绝杀差一点就被帽 禅师没有他俩我们赢不了,新浪体育讯 北京时间12月9日消息，比赛时间越来越少，德里克-费舍尔控球，这位36岁的老将没有像季后赛那样选择在外线投篮，他做了一个不同的抉择，他用突破抛投命中压哨球，这让洛杉矶湖人队以87比86险胜
8,scratch,43,体育/101113.txt,体育,科技,0.12591207027435303,False,疯狂专家谋划4队10人交易 火箭同时引进波什埃利斯,新浪体育讯 随着火箭强势反弹，火箭的各类新闻、流言也度过了平淡期，磨刀霍霍的杀了出来。一时间，各种交易线索交织在一起，煞是好看。其中《94red》的专职作者韦恩无疑是最疯狂的一位，他为火箭设计的交易计
8,scratch,43,体育/101115.txt,体育,科技,0.12586702406406403,False,阿联直言打先发很淡定 湖人赛后经纪人找他谈合同,驻洛杉矶记者段冉12月8日报道 北京时间12月8日，斯台普斯中心的门前又呈现出赛季开幕战时的场面，门口早早就聚集了很多当地的中国球迷，那一场做客的是姚明，这一场，来的是阿联。 与湖人一战，由于先
8,scratch,43,财经/799188.txt,财经,科技,0.1253073364496231,False,凶手持死者银行卡柜台提现 被害者家属状告银行,本报讯 (记者 于杰) 凶手杀人后用死者的银行卡在柜台成功提现6.3万元。凶手被执行死刑后，损失无法追回，被害者家属将凶手提现的农业银行顺义区支行告上法庭。昨天，此案在顺义法院开庭。 2006年7
8,scratch,43,财经/799234.txt,财经,科技,0.12579064071178436,False,信用卡+工资卡 三招玩转信用卡理财,要玩转“信用卡”，需要“工资卡”的搭配。 首先，让自己的信用卡与借记卡挂钩起来，建立关联账户，这是信用卡还款的最佳方式。这主要是因为工资卡挂钩有定期的收入保证，保证了还款的及时性。不过，关联账户还
8,scratch,43,财经/799258.txt,财经,科技,0.12560051679611206,False,五一刷卡谨防5%超限费 易引发滞纳金等费用,“五一”假期是都市人休息和休闲的好时光。随着假期的缩短，许多人的出游计划变为购物消费。而近年来信用卡成为越来越多成年人的消费首选。不过，如果持卡人不小心刷爆信用卡，很有可能被征收5%的超限费，甚至引发
8,scratch,43,财经/799288.txt,财经,科技,0.12564706802368164,False,发卡量倒逼服务 招行信用卡艰难转身,本报记者 王芳艳 以信用卡发家的招商银行，在信用卡迅速扩张5年之后，犹如一头体重增长过快的大象，终于感到了前所未有的步履沉重。 到2008年8月，招行的信用卡发卡量飙升到2300万张卡，仅次于
8,scratch,43,财经/799376.txt,财经,科技,0.1254405677318573,False,少还0.8元利息上千元 不同银行罚息差数万倍,文/表 记者方利平 少还几毛钱，却要按全额计付透支利息！在信用卡刷卡消费中，部分还款逾期却要按全额计息的规则，一直是个容易引起纠纷的话题。今年以来，部分银行将透支利息收取标准由全额计付改为部分计付
8,scratch,43,财经/799462.txt,财经,科技,0.12550362944602966,False,布局民生 建行业务结构谋变,6月21日到6月27日期间，建行总行机构业务部相关负责人奔赴广东、陕西、重庆等地考察验收“民本通达”试点情况。在总结试点的经验教训后，该方案有望于2个月之内在建行全面推行。 据该方案研发团队主要成
8,scratch,43,财经/799607.txt,财经,科技,0.12539610266685486,False,信贷趋紧下 银行贷款利率上浮,中小企业在一定程度上受影响，但贷款支持力度有望继续得到保证 沈易安 信贷从紧力度加大的情况下，以存贷差为主要利润来源的商业银行正面临严峻考验。《第一财经日报》近日从多家银行了解到，它们的贷款利
8,scratch,43,财经/799690.txt,财经,科技,0.12547224760055542,False,银行理财晒中考成绩：仅信托和澳元产品出色,7月，不仅意味着2010年上半年已成为过去时，还标志着又到了银行理财产品晒出自己年中“中考”成绩单、投资者们检查和调整投资决策的时候。近期，国内某知名理财调查研究机构给出了一组数据：据不完全统计，今年
8,scratch,43,财经/799898.txt,财经,科技,0.12552005052566528,False,银监会就发布商业银行声誉风险管理指引答问,银监会有关部门负责人就发布 《商业银行声誉风险管理指引》答记者问 近日，银监会发布了《商业银行声誉风险管理指引》(以下简称《管理指引》)，银监会有关负责人就相关问题回答了记者的提问。 问：
8,scratch,43,财经/799959.txt,财经,科技,0.1252296268939972,False,银行职员私改密码致储户被骗28万元,□记者刘昌武韩景玮实习生李宾宾 通讯员张胜利 本报讯 明知朋友要诈骗他人钱财，荥阳市农行一职员还私自篡改储户的银行卡密码，致使储户被骗28万元。昨天，郑州市上街区法院审结一起诈骗案，分文未得的
8,scratch,43,财经/799960.txt,财经,科技,0.12546266615390778,False,ATM又吐双倍钱 担心后患夫妻还钱要求立字据,记得以前有个人这样拿走十几万 如果当时找不到银行的人就打110 字据写明其他客户所做交易与他们无关 叹“做好事也不容易”出来打工只求安心 本报讯 (记者罗桦琳)按100元吐200元，按
8,scratch,43,财经/800186.txt,财经,科技,0.1253940761089325,False,招行南京分行首套房贷利率上调至8折,近期关于房贷优惠政策收紧的传言在南京终于有了先例——招商银行南京分行昨天中午下发通知，明确了首套房贷利率优惠由原来的7折上调为8折，在认定上以家庭为单位，但如果首套房贷还清，再贷还是认定为首套房，11
8,scratch,43,教育/284539.txt,教育,体育,0.12562990188598633,False,美国室友的独到见解：中国人都会功夫(图),那一年我去美国旅游，为了节省住宿费，我没住酒店，在加利福尼亚州的一个小镇上跟几个美国人合租一套公寓。那里在举办中国文化节，举办方在镇里的歌剧院组织了京剧、中国民乐表演，在镇中心广场舞起了狮子，当地电视
8,scratch,43,教育/284583.txt,教育,科技,0.12582886219024658,False,名师把脉：申请加拿大高额奖学金绝招,当申请奖学金的时候，你通常需要写一封信递交奖学金管理员咨询更多信息，要一张申请表或是简单地介绍一下自己。这是向管理员展示你是最佳候选人的绝好时机。所以在发信前花一些时间仔细斟酌，务必简明，扼要且信息全
8,scratch,43,教育/284608.txt,教育,科技,0.12627075612545013,False,权威指导：如何面对留学签证中的拒签,留学签证被拒签是会遇到的一个问题，面对拒签，因为没有成功案例，大部分留学机构选择沉默，通常的做法是重新组织材料，再次申请。这样的结果常常是赔了签证费又耽误时间。 分析指出，目前签证还是由各国领事馆
8,scratch,43,教育/284632.txt,教育,科技,0.12608031928539276,False,亲历：零距离接触纽宾士域省多元文化,据悉，由上海市因私出入境服务中心境外合作方：加拿大KBL顾问集团组织的第26批考察团已于上周末出发前，往加拿大东部的纽宾士域省展开为期10天的商务考察活动。据了解，此次考察团将走访纽宾士域省的代表性城
8,scratch,43,教育/284829.txt,教育,科技,0.12584908306598663,False,出国留学：走出“高层次”择业之路,谈论留学绕不开就业的话题，因为留学是学子们日后高层次就业的人生路径。就此问题，将在7月10日至11日由本报社区版于上海图书馆举办的大型留学择业咨询会上亮相的沪上四大著名留学机构的老总们是如何看待的？
8,scratch,43,教育/284956.txt,教育,科技,0.1254701465368271,False,打工族：新西兰推出“工作度假计划”,记者从广东侨谊海外交流服务中心获悉，根据2008年中国和新西兰签署的《中华人民共和国政府和新西兰政府自由贸易协定》，新西兰针对中国年轻人推出了一项“新西兰工作度假计划”。根据协议，新西兰每年将允许10
8,scratch,43,教育/285067.txt,教育,科技,0.12560564279556274,False,梦想成真：美女海归也有“空姐梦”(组图),本报讯 (记者黄琮 通讯员邵富强、南宣摄影报道)研究人体DNA排列的留学生、专业英语达到八级水平的美女硕士也来报名当空姐！近日南方航空在全国的空姐招募活动火爆异常。南航方面预计，今年空姐招募将成为有史
8,scratch,43,教育/285246.txt,教育,科技,0.1258346438407898,False,金融风暴催生澳大利亚商业移民热潮,项目简介 此类别主要是指申请人以自己的专业技能为基础，同时获得指定地区州政府或亲属担保的技术移民。此类签证要求申请人必须要符合澳洲技术移民的基本要求并具备澳大利亚技术职业列表(SOL)中对应职业的
8,scratch,43,教育/285369.txt,教育,体育,0.125737264752388,False,特别策划：爆笑连连的出国故事猜猜看,刚刚出国时想必哥们儿姐们儿都因为英文不好跟老外过招时发生过搞笑的故事吧？只有想不到，没有做不到。新浪出国为您收集了14则爆笑的故事，和大家一起分享，让我们共同回忆在国外那些懵懂、青涩但难忘的岁月。
8,scratch,43,教育/285374.txt,教育,科技,0.12578998506069183,False,《泰晤士报》2010年大学排行榜出炉,名校排行 继《卫报》推出2010年英国大学排名之后，英国《泰晤士报》近日也公布了该报新一年度的大学排名。和往年一样，牛津和剑桥两所老牌名校的仍然占据了综合排名的第一和第二头两把交椅，但今年的专业排
8,scratch,43,教育/285591.txt,教育,科技,0.12580396234989166,False,最新动态：赴美签证将准备“提速”,晨报讯 据透露，旨在提速中国公民办理赴美签证的新政策目前正在酝酿之中，新政出台后，中国学生办理赴美留学的速度将更快、名校选择更多、获取奖学金的机会也更大。 北京因私出入境行业协会秘书长、鲲鹏国际总
8,scratch,43,教育/285593.txt,教育,科技,0.12588241696357727,False,留学生：晒晒我在耶鲁创办的杂志(组图),在耶鲁大学，学生们很乐忠于创办各种杂志期刊。每学期，都会有2到4本新杂志创刊，但可惜大都以失败而告终。我似乎总是对自己写杂志有浓厚的兴趣，由于当年gap year的时候，我已经有过一些编写杂志的经历，
8,scratch,43,娱乐/131610.txt,娱乐,时政,0.12511670589447021,False,国家开发银行原副行长王益受贿一审被判死缓,新华网北京4月15日电(记者陈菲) 北京市第一中级人民法院15日上午对国家开发银行原副行长王益作出一审判决，认定王益犯受贿罪，判处死刑，缓期二年执行，剥夺政治权利终身，没收个人全部财产。 北京市第
8,scratch,43,娱乐/131740.txt,娱乐,科技,0.1261296570301056,False,新周刊：陆川解读南京--生死之城生死之问(图),南京大屠杀，是72年前的事。 侵华日军在1937年12月13日之后长达数月的屠杀，超过30万中国人成为冤魂。 在当代中国人的记忆里，没有什么比它更沉重。 忘记历史就意味着背叛——那么，我们
8,scratch,43,娱乐/131759.txt,娱乐,科技,0.12588940560817719,False,实录：《爱有来生》主创专访 段奕宏曝女友身份,新浪娱乐讯 演员俞飞鸿转型导演的电影处女作《爱有来生》即将于8月26日公映。本片是国内第一部为中国的七夕情人节量身订做的电影，也成为了今年暑期档电影票房争夺战中最后压轴上映的影片。而8月14日，影片导
8,scratch,43,娱乐/131805.txt,娱乐,科技,0.12603196501731873,False,精品购物指南：2011翻拍之春抑或榨干之冬(图),撰文/杜晋华 王子烨 白郁虹 吕佳 编辑/王子烨 看看2011的片单，翻拍，又见翻拍——“经典”中寻宝、各路热门改编、直接走进“2.0”时代。一个聂小倩、两队杨家将、两位杨子荣、三个李小龙、三桌鸿
8,scratch,43,娱乐/131865.txt,娱乐,科技,0.12559768557548523,False,陈木胜新片翻拍《一线生机》 大S古天乐出演,本报讯 （记者杨林）如果有一天你的手机接到陌生女子电话，要你帮之奔忙并营救她于水深火热，你会怎么办？最近古天乐()就遇到这样的麻烦事。翻拍自好莱坞制作《一线生机》的《保持通话》近日在香港开机，男主角是
8,scratch,43,娱乐/131933.txt,娱乐,体育,0.12544870376586914,False,《证人》杀青谢霆锋攀爬竹梯不畏惧(组图),视频：谢霆锋张家辉张静初主演《证人》杀青 新浪娱乐讯 谢霆锋( 听歌)、张家辉(听歌 blog)、张静初( blog)等终于结束了新片《证人》最后一场戏的拍摄，正式宣告杀青。 当问到有了家庭
8,scratch,43,娱乐/132127.txt,娱乐,科技,0.12567873299121857,False,《筑梦2008》代表中国内地“申奥”(图),新浪娱乐讯 代表中国内地角逐第81届奥斯卡()最佳外语片的影片已经敲定为奥运题材影片《筑梦2008》。今年传统大片都纷纷放弃“申奥”，《筑梦2008》在与《隐形的翅膀》、《一个人的奥林匹克》等“小片”
8,scratch,43,娱乐/132192.txt,娱乐,科技,0.1256067454814911,False,王晶易稿打动刘德华 耗资过亿打造《未来警探》,新浪娱乐讯 据台湾媒体报道，台湾学者电影公司老板蔡松林已确认投拍王晶()编导的新戏《未来警察》。该片阵容强大，投资达6亿台币(1.5亿人民币)，除请来奥运会开幕式空中特技总设计也是香港最知名武指之一的
8,scratch,43,娱乐/132421.txt,娱乐,体育,0.12539322674274445,False,魏德圣失落奖项不遗憾 新片与李安吴宇森合作,新浪娱乐讯 热爆电影《海角七号》导演魏德圣虽然在6日金马奖颁奖礼上失落最佳导演及最佳剧情片奖，却赢得更难能可贵的两个“导演”奖。他前晚在《海》片派对上，获李安赏脸出席，他说：“我很满足，对手是大制作，
8,scratch,43,娱乐/132573.txt,娱乐,科技,0.12579940259456635,False,吴宇森回应《赤壁》争议：其实，你不懂我的心,拍一次三国，发一次思古之豪情，这是众多电影人梦寐以求的事情。昨日下午，终于圆梦的吴宇森满脸喜气地携夫人牛春龙(blog)，主创张山、小宋佳以及主题曲演唱者四川姑娘阿兰亮相武侯祠，为新上映的《赤壁(下)
8,scratch,43,娱乐/132743.txt,娱乐,科技,0.1254902184009552,False,第三届亚洲电影大奖蒋雯丽周迅赵薇争影后,荆楚网消息 (楚天都市报) 前日，第三届亚洲电影大奖公布提名名单，中国的《梅兰芳》、《赤壁》，日本的《悬崖上的金鱼姬》获得最佳影片提名，成为该奖项最有力竞争者。 冯小刚、吴宇森分别凭《非诚勿扰》
8,scratch,43,娱乐/132751.txt,娱乐,科技,0.12536971271038055,False,《杜拉拉升职记》6月开拍 徐静蕾香港选景(图),新浪娱乐讯 由尔冬升执导，成龙、徐静蕾、吴彦祖、范冰冰主演的电影《新宿事件》于今天亮相香港国际电影节。之前有传闻她将执导拍摄电影版《杜拉拉升职记》也得到了徐静蕾本人的印证。徐静蕾透露，新片可能将在6月
8,scratch,43,科技/481801.txt,科技,科技,0.12603281438350677,True,未来十大最具特色摩天大楼(组图),新浪科技讯 北京时间9月22日消息，据美国《大众机械》杂志报道，提起摩天大楼，人们自然而然会想到迪拜。这是因为迪拜塔在这个月成为世界上最高的建筑，尽管直到现在仍未竣工。 迪拜是世界建筑上的一个传奇
8,scratch,43,科技/482102.txt,科技,科技,0.12569452822208405,True,英国明年将推三维立体电视节目(组图),拍摄三维立体画面使用的两台摄像机 英国广播公司播出的苏格兰队在六国橄榄球锦标赛中击败英格兰队比赛的三维立体节目画面 新浪科技讯 北京时间12月19日消息，据英国《每日邮报》报道，英国天空电视台
8,scratch,43,科技/482208.txt,科技,科技,0.1258649230003357,True,英美科学家联合研发新型增强记忆力药物,新浪科技讯 北京时间1月20日消息，据英国《泰晤士报》报道，英国和美国医药公司正在研发一系列具有可提高记忆力的潜能的药物，它们声称，不久后人们就可以利用这种药物在工作或者考试中取得更好的成绩。 虽
8,scratch,43,科技/482213.txt,科技,科技,0.12588343024253845,True,南极探秘之旅抵达蓬塔 夏天感受刺骨寒流(图),蓬塔惟一的中国餐馆彩虹餐厅，专做南极游客生意 南极探秘之旅抵达“南极前哨”蓬塔，在南半球夏天感受刺骨寒流 蓬塔：离祖国最远 离南极最近 本报讯 在西班牙语中，“蓬塔”是“顶端”的意思，蓬塔
8,scratch,43,科技/482274.txt,科技,科技,0.1254107803106308,True,美再度推迟发现号航天飞机发射,新华网华盛顿2月7日电（记者任海军）美国宇航局7日发布消息说，由于需要更多时间对“发现”号航天飞机的飞行控制阀进行安全评估，“发现”号的发射日期将继续推迟。 美宇航局说，目前“发现”号最早可能于2
8,scratch,43,科技/482388.txt,科技,科技,0.1260312795639038,True,英国科学家征集鬼照欲解灵异现象(组图),古城堡孩子在火炮前玩耍，前面出现一个透明的“无头军人” 美国一地下室内出现的所谓“幽灵鬼怪” 女生合影中，在大腿之中出现了神秘的小孩面孔 一个奇异的“鬼怪”出现在土耳其安卡拉的一个建筑物上 这
8,scratch,43,科技/482422.txt,科技,科技,0.12595300376415253,True,马来西亚世界首家猩猩育婴院探秘(图),马来西亚猩猩育婴院里的猩猩享人类待遇、憨态可掬 位于马来西亚丛林的武吉美拉湖自然风景区里有一家新生儿看护医院，但是这里看护的对象不是人类的小宝宝，而是红毛猩猩的幼崽，它是世界上唯一的红毛猩猩育婴医
8,scratch,43,科技/482471.txt,科技,科技,0.1259051412343979,True,3500年前埃及女法老香水有望重现人世(图),埃及女王哈特舍普苏特的木乃伊 埃及女王的金属罐 这名强悍的埃及女王对埃及的统治从公元前约1479年开始，统治时间长达20多年。最近，德国波恩大学埃及博物馆的研究人员对这位著名女王的一个金属罐进
8,scratch,43,科技/482563.txt,科技,科技,0.1259666234254837,True,荷兰调查发现适量饮葡萄酒有助男性益寿,新华网北京5月3日电 荷兰研究者的一项调查显示，每天适量喝葡萄酒有助于男性保健益寿。这一结果可能与葡萄酒有助降低患心脏病的风险有关。 荷兰瓦赫宁恩大学的研究人员根据当地的医疗档案，选择了1373名
8,scratch,43,科技/482742.txt,科技,体育,0.1257902830839157,False,美科学家苦心研制时间机器为见去世父亲(图),新浪科技讯 北京时间6月25日消息 据美国广播公司报道，对一些人来说，时间旅行的想法就是白日做梦；然而对另一些人来说，时间旅行属于科学范畴。但是对美国物理学家罗纳德·马利特(Ronald Mallet
8,scratch,43,科技/482816.txt,科技,科技,0.12607569992542267,True,日本科学家发现人体能发出可见光(图),人体发光 新浪科技讯 北京时间7月23日消息，据美国生活科学网报道，科学家发现，人体会发光，可以发出一种微弱的可见光，光的强度在一天内起伏波动。 之前的研究已经发现，身体会发光，只是比我们肉眼
8,scratch,43,科技/482864.txt,科技,科技,0.1257820874452591,True,美国小猎犬过26岁生日成最长寿的狗(组图),新浪科技讯 北京时间8月11日消息 据英国《每日邮报》报道，9日，美国路易斯安那州杂种小猎犬“马克斯”迎来自己的26岁生日，就此成为“世界上最长寿狗”这一头衔的有力争夺者。 如果按狗龄计算的话，现
8,scratch,43,房产/264441.txt,房产,教育,0.125100240111351,False,四方桥公园地产华瀚国际现房直降98折(图),3、华瀚国际 (论坛 相册 户型 样板间 地图搜索) 推荐理由：四方区域地标、四座公园环抱 华瀚国际目前仅剩一套南向72平米一居，总价185万。其余在售户型还有220-280平米大户型，均价2
8,scratch,43,房产/264447.txt,房产,教育,0.1251204013824463,False,大宁山庄3期新房源均价9200元,10、大宁山庄 (论坛 相册 户型 样板间 地图搜索) 图为大宁山庄项目实景图 大宁山庄三期2009年10月底开盘销售。 三期为6层低密度花园洋房，1梯2户，目前在售户型面积仅剩三居145平方米，
8,scratch,43,房产/264595.txt,房产,科技,0.1255379468202591,False,埃及多方出击应对住房危机,过去，埃及的城镇住房以独门独院的平房为主，富裕的人家盖两层小楼。上世纪七十年代以来城市人口剧增，仅开罗市就有1500万人，占全国人口的四分之一，城市问题越来越严重，其中最突出的就是住房危机。埃及政府采
8,scratch,43,房产/264650.txt,房产,科技,0.1259341984987259,False,物业管理合同签订注意事项,主持人：刚才你也谈到，在物业管理的过程中，物业公司和业主一定要依据合同办事。我们再来谈一下关于和物业公司签合同的情况，国良作为一个过来的业主，在签物业管理合同时要注意什么呢？ 相国良：其实主持人问
8,scratch,43,房产/264749.txt,房产,科技,0.1260315179824829,False,东亚新华：客户积累是企业生存的保障,韩磊：所以我们花了很长时间去谈，谈完以后我们做了一个服务手册，上面都有明示。我们也为业主做了一个VIP卡，你只要出示这个VIP卡就可以享受到优惠。 第二，普发银行也找到我们，他们也找我们进行合作。
8,scratch,43,房产/264755.txt,房产,科技,0.12521237134933472,False,预告：26日陈艳萍讲述保利垄上的热销精神,"进入09年之后，保利地产(企业专区,旗下楼盘)在全国各地的销售形势均十分良好，市场份额不断攀升。据不完全统计，2009年3月，保利地产在所进驻城市的市场份额与2008年同期均大幅上升。其中，一线城市市"
8,scratch,43,房产/265243.txt,房产,科技,0.12524819374084473,False,高居欠税榜表明房企很差钱,本报讯 (记者鲁欢)近日，北京、广州两地地税局都公布了最新欠税公告，欠税大户多是房地产开发企业，北京9家欠税大户，房企占了7家，广州10家欠税大户，房企占了9家。业内人士认为，房企频现欠税榜，是从去年
8,scratch,43,房产/265415.txt,房产,教育,0.12533961236476898,False,超级大盘股中国建筑获IPO批文 拟募资426亿,作者 申屠青南 中证网讯 中国建筑的保荐机构10日向中国证券报记者证实，中国建筑已在10日获得IPO批文，并将在13日刊登《招股说明书》启动发行工作。中国建筑是IPO重启后，第六家获得IPO批文的
8,scratch,43,房产/265436.txt,房产,科技,0.12543165683746338,False,碧桂园销售数据打架 半年88亿遭质疑,"作者：武瑾莹 碧桂园(企业专区,旗下楼盘)本月的公司通讯原计划是在下周才对外发布，但在今日就提前发布似乎是为了回应近日对其销售状况的有关质疑。 7月15日，碧桂园发布了最新的公司通讯，据碧桂园"
8,scratch,43,房产/265449.txt,房产,科技,0.12547409534454346,False,中报揭示贫富分化 楼市回暖捧红四大天王业绩,在过去一年，中国楼市经历了从持续观望到交易火爆的“过山车”式反转，也让本来硝烟弥漫的房地产业竞争愈发激烈。房地产上市公司中报预报显示，以“招(商)、保(利)、万(科)、金(地)”为龙头的房地产“四大天
8,scratch,43,房产/265497.txt,房产,科技,0.1253814548254013,False,雅居乐一年时间仅拿一块地,"每经实习记者 朱玲 发自广州 楼市向好，各家开发商都在积极囤地之际，“华南五虎”之一的雅居乐地产(企业专区,旗下楼盘)却是不慌不忙。从去年7月到今年7月一年的时间，仅仅拿下广东佛山南海区一幅地块，"
8,scratch,43,房产/265599.txt,房产,科技,0.12545588612556458,False,地产股不差钱 万科获建行授信500亿,每经记者 李文艺 发自成都 今日，房地产龙头企业万科A(000002，SZ)发布公告称，已与建设银行签署了 《战略合作协议》，建设银行将向公司提供授信额度500亿元人民币。据了解，这是继2007年
8,scratch,43,游戏/406490.txt,游戏,科技,0.12579309940338135,False,《反恐行动OL》电子竞技大赛周赛战报,【富贵兵团】 80084 58569 66562 73380 神秘 73050 54806 60680 59560 [狼族] 58037 40011 53319 52865 羲战队 45918
8,scratch,43,游戏/406677.txt,游戏,科技,0.12564553320407867,False,820寻找强援 全新EHOME将成型,在确认了Burning和KingJ离队之后，EHOME俱乐部经理71以及战队队长820立刻连夜开始寻找替代他们的选手的行动中，到现在，尚未有官方新闻爆出。不过在小编与相关人士的交谈中，对方表示全新EH
8,scratch,43,游戏/407056.txt,游戏,科技,0.12569862604141235,False,台湾电竞 S&K联赛报道第21场战况报道,【台湾电竞联盟台湾游戏网专稿】 SF“特种部队”项目，本场比赛交战地图是“阿富汗”，由于地图狭小，2队都摆出了“5步枪”的阵形，先攻的曜越太阳神，在“闷骚步枪手”Hydra(周仕杰)开局的1打2领
8,scratch,43,游戏/407140.txt,游戏,科技,0.1252620816230774,False,摩根士坦利：完美时空股价被低估建议增持,新浪科技讯 北京时间5月19日早间消息，据国外媒体报道，摩根士丹利今天发表报告称，《神鬼传奇》和《诛仙》将推动完美时空业绩继续增长，并认为其现时股价被低估，对其股票评级为“增持”(Overweight
8,scratch,43,游戏/407162.txt,游戏,科技,0.1251637190580368,False,红楼梦、新绝之鱼戏江湖开始网上预购,"娱乐通研发，游戏天堂发行,最新加入“王牌vs王牌”系列产品《红楼梦》《新绝代双骄之鱼戏江湖篇》简体中文版即将在2009年新年1月上市！ 这两款最后加入“王牌VS王牌”系列的产品现已在寰宇之星网上商"
8,scratch,43,游戏/407222.txt,游戏,科技,0.12555944919586182,False,《科林麦克雷：尘埃2》今年9月发售,开发商Codemasters于旧金山游戏日“San Francisco Gamers Day”公布了旗下越野竞速大作《科林麦克雷拉力赛之尘埃2(Colin McRae: DiRT 2)》的发售日期，该
8,scratch,43,游戏/407249.txt,游戏,科技,0.1259654015302658,False,格斗游戏《奇诺冲突》Steam预售开始,这款名字很奇怪的游戏《奇诺冲突》(Zeno Clash)应该没有多少玩家听说过，这是一款由ACE Team开发的动作格斗游戏，而ACE Team也是业界新兵，本作是ACE Team的首部游戏。 由
8,scratch,43,游戏/407254.txt,游戏,科技,0.12586039304733276,False,虚幻引擎3动作游戏《黑光》新作公布,曾经开发过多款大受好评电脑军事游戏的美国Zombie Studios公司，日前宣布与福克斯电影合作，将会进行一项跨平台的游戏开发计划，两家公司将会合作开发一款科幻战争动作游戏《黑光》(Blacklig
8,scratch,43,游戏/407401.txt,游戏,科技,0.12564846873283386,False,EA红杉海岸工作室更名 专注动作游戏,EA公司今天宣布了一项关于旗下工作室的消息，EA的红杉海岸工作室(EA Redwood Shores Studio)现在更名为Visceral Games。 “Visceral”这个词的意思是“内
8,scratch,43,游戏/407431.txt,游戏,科技,0.12541314959526062,False,《街头霸王4》美版白送游戏专用手把,CAPCOM最近宣布，他们全球热卖破200万套的格斗超大作《街头霸王4》将会在7月2日推出PC版本，北美区预计7月7日推出，而且同捆一支由美国Mad Catz公司推出的专用格斗手把，虽然多了手把但售价
8,scratch,43,游戏/407489.txt,游戏,科技,0.12581142783164978,False,植物逆袭！环境危机《地球不再》公布,芬兰游戏公司Recoil Games日前表示，原本开发《永远的毁灭公爵》的美国3D Realms公司在前一阵宣布倒闭，不过他们在2007年接受委托开发的新射击游戏《地球不再》(Earth No Mor
8,scratch,43,游戏/407519.txt,游戏,科技,0.1259518265724182,False,老式机动车赛车游戏《火焰爆发》公布,Black Inc.宣布将发行一款越野赛车游戏《火焰爆发》(Fireburst)，本作由exDream负责开发，采用虚幻引擎3开发。 本作是一款非常规的赛车游戏，游戏的赛道都设定在贫瘠的沙石地上，
8,scratch,43,时政/339771.txt,时政,科技,0.12521573901176453,False,美军F-15E战机在阿富汗坠毁2人死亡(图),新华网喀布尔7月18日电 驻阿富汗美军18日说，美军一架F－15E战斗机当天在阿富汗东部坠毁，造成两名机组人员死亡。 美军发表声明说，这架飞机当天凌晨在阿富汗东部执行作战任务时坠毁，但“并非被地面
8,scratch,43,时政/339791.txt,时政,科技,0.12558461725711823,False,美国拟开发出口型F-22隐形战机销售给日本(图),人民网9月12日讯 美国会参议院拨款委员会近日通过决议，敦促美空军投资研发“出口型”F-22“猛禽”隐身战机，以便满足日本、以色列和澳大利亚等盟友装备这种战机的“迫切需求”。此前，美国会参众两院曾通过
8,scratch,43,时政/340097.txt,时政,科技,0.1252143383026123,False,陈水扁当局任内债台高筑,人民网7月30日电 台“审计部”二零零七年度“中央”总决算审核报告昨天出炉，报告指出，当局债务逐年攀升，一年以上债务余额从二零零二年底的二兆八三一七亿元，遽增到二零零七年底的三兆六一四四亿余元，仅利息
8,scratch,43,时政/340103.txt,时政,体育,0.125071182847023,False,台湾水利官员涉嫌接受性招待被起诉,【新民网讯】台湾检察机关近日查出，当局水利部门官员涉嫌接受厂商性招待、喝花酒、违法更改设计、追加预算图利承包商，7月30日检方将许哲彦等六名官商依贪污罪起诉，检察官痛批“根本就是豆腐渣工程！” 来
8,scratch,43,时政/340147.txt,时政,科技,0.12589895725250244,False,黄华麒出任香港广播处长,中新网8月7日电 据香港特区政府网站消息，香港特区政府7日宣布，经进行公开及内部招聘后，现委任黄华麒为广播处长。他将于2008年8月8日履新。 香港公务员事务局局长俞宗怡对黄华麒的任命表示欢迎，她
8,scratch,43,时政/340201.txt,时政,科技,0.12576469779014587,False,澳门立会签署特首选举法审议意见书,中新网8月18日电 据澳门日报报道，澳门立法会第二常设委员会日前签署了《行政长官选举法》法案审议意见书。特区政府最后与委员会达共识，修改行文，订明适用例外制度的可能性，明确犯罪未遂仅在某些被视为较严重
8,scratch,43,时政/340240.txt,时政,科技,0.12536504864692688,False,商务部新三定方案获批 成立反垄断局,新华网北京8月23日电（记者 王优玲）记者23日从商务部获悉，商务部新“三定”方案获国务院批准。根据商务部公布的《商务部主要职责内设机构和人员编制规定》，商务部成立反垄断局，“承担《反垄断法》规定的国
8,scratch,43,时政/340348.txt,时政,科技,0.12550285458564758,False,江丙坤结束对日本访问返台,中新网8月29日电 国民党副主席江丙坤日前率团前往日本访问，今天搭机返台，他说，此行主要拜会日本各主要政党说明目前的两岸关系，日方也欢迎内定“驻日代表”人选。 据“中央社”报道，江丙坤25日率团前
8,scratch,43,时政/340490.txt,时政,科技,0.1257341206073761,False,武汉市纪委累计为387名受诬告者澄清问题,本报武汉9月7日电（记者雷宇）“我们决不放过一个腐败分子，也不能让好人受冤枉。”武汉市纪委日前通报，去年以来，该市纪委在加大反腐力度的同时，也为387名受到诬告错告的同志澄清了问题。 去年以来，武
8,scratch,43,时政/340532.txt,时政,科技,0.12568266689777374,False,审计署：审计涵盖救灾款物接收和发放渠道,新华网北京9月10日专电 9月10日15时，审计署副审计长余效明接受中国政府网专访，就“加强救灾款物发放审计，提高救灾款物使用效率”与网友在线交流。 [网友 友力]汶川地震发生后，社会各界通过各种
8,scratch,43,时政/340798.txt,时政,科技,0.12555202841758728,False,国务院督查组到河北督促检查婴幼儿奶粉事件,新华网石家庄9月26日电（记者吕国庆）国务院督查组一行8人，26日来到河北省对婴幼儿奶粉事件处置情况进行专项督查。 卫生部副部长刘谦一行8人，当日下午听取了河北省有关人员对婴幼儿奶粉的处置情况的汇
8,scratch,43,时政/340889.txt,时政,科技,0.12537619471549988,False,农业部部长称将奶站100%纳入监管,中新网10月4日电 中国农业部部长孙政才强调，要不折不扣地完成奶站清理整顿各项任务，10月5日前要完成奶站登记造册，将奶站100%纳入监管范围，规范奶站资质和条件。严厉打击违法添加三聚氰胺等有毒有害物
2,pretrained,44,体育/100080.txt,体育,体育,0.9971721768379211,True,现场：阿联助攻帮队友腾飞 奇才半场落后骑士8分,新浪体育讯 第二节，阿联篮下出手，球磕框而出。两队急于进攻随后各出现一次低级失误，骑士率先找到节奏，连续两次进攻得手。 奇才则采用大个球员提到上线接球策应的战术，与沃尔挡拆配合后，阿联接到传球，但
2,pretrained,44,体育/100169.txt,体育,体育,0.9982848167419434,True,现场：皇帝吃火锅头箍被打掉 斯隆不满吃技术犯规,第三节比赛开始，爵士终于有所起色，内线的杰弗森和米尔萨普率先发威，各自拿下两分，此后，德隆接管比赛，先是一记中投命中，然后助攻米尔萨普上篮得分。比赛进行到还剩8分47秒，詹姆斯投篮不中，波什抢下前场篮
2,pretrained,44,体育/100243.txt,体育,体育,0.9938063621520996,True,勒夫31分31板轰跑尼克斯 纳什发飙太阳主场灭国王,新浪体育讯 北京时间11月13日，森林狼大将凯文-勒夫发飙，砍下31分31个篮板，森林狼击败尼克斯，取得二连胜；小牛在主场击退76人；太阳在主场拿下国王。以下是这三场比赛的综述： 尼克斯103-森
2,pretrained,44,体育/100269.txt,体育,体育,0.99406898021698,True,勒夫31篮板表现刺激阿联队友 麦基发微博誓言爆发,新浪体育讯 北京时间11月14日消息，据《华盛顿邮报》报道，奇才中锋贾维尔-麦基昨天的比赛里只抢到了两个篮板球，这已经是他本赛季第二次如此尴尬。而他现在也放言保证要加强篮板球。 比赛结束后，心情郁
2,pretrained,44,体育/100471.txt,体育,体育,0.9972301721572876,True,现场：米勒挂彩激发火箭血性 状元打三分保住领先,新浪体育讯 北京时间11月20日消息，火箭今天继续客场之旅，在多伦多面对猛龙。火箭半场43比51落后对手。 下半场，主力悉数上阵。但是火箭仍旧在凭借罚球得分。不过斯科拉率先开火，上篮得手之后，马丁
2,pretrained,44,体育/100585.txt,体育,体育,0.9927498698234558,True,奇才悍将：让全明星赛一边去 我今晚真是打兴奋了,新浪体育讯 北京时间11月24日(华盛顿时间23日)华盛顿奇才队主场迎战费城76人。上一次遇到对手时，两队就打进了加时，今天更是将比赛的悬念延展到第53分钟。最终，奇才评价尼克-杨的三分球，以两分的优
2,pretrained,44,体育/100681.txt,体育,体育,0.993999719619751,True,怪异!14.5秒科比两次绝杀不投 输球他仍能欣慰一笑,当时爵士领先2分，科比持球，按上赛季大伙习惯了的剧情，这该是“绝杀时刻”。可这次的版本却180度转变，飞侠连续两次都没有选择自己进攻，而是传球给了阿泰。第一次，阿泰底角运了一步但空位半截篮弹筐而出；第
2,pretrained,44,体育/100739.txt,体育,体育,0.9506524801254272,True,斯科特抱怨裁判被罚3万5 骑士主帅过嘴瘾钱包遭殃,新浪体育讯 北京时间11月29日消息，据美联社报道，联盟的执行副总裁斯图-杰克逊宣布，骑士主帅拜伦-斯科特因为公开指责裁判判罚不公而被罚款35000美元。 两天前骑士100-111不敌魔术，赛后斯
2,pretrained,44,体育/100794.txt,体育,体育,0.9970769286155701,True,调查-火箭客场完败于小牛 您如何评价他们的表现？,新浪体育讯 北京时间11月30日，得州内战，火箭在客场以91-101不敌小牛。 火箭(5-12)技不如人，早早缴械投降。凯文-马丁17分，路易斯-斯科拉15分5个篮板，替补出场的布拉德-米勒11分
2,pretrained,44,体育/101091.txt,体育,体育,0.9968933463096619,True,费舍尔绝杀差一点就被帽 禅师没有他俩我们赢不了,新浪体育讯 北京时间12月9日消息，比赛时间越来越少，德里克-费舍尔控球，这位36岁的老将没有像季后赛那样选择在外线投篮，他做了一个不同的抉择，他用突破抛投命中压哨球，这让洛杉矶湖人队以87比86险胜
2,pretrained,44,体育/101113.txt,体育,体育,0.9920534491539001,True,疯狂专家谋划4队10人交易 火箭同时引进波什埃利斯,新浪体育讯 随着火箭强势反弹，火箭的各类新闻、流言也度过了平淡期，磨刀霍霍的杀了出来。一时间，各种交易线索交织在一起，煞是好看。其中《94red》的专职作者韦恩无疑是最疯狂的一位，他为火箭设计的交易计
2,pretrained,44,体育/101115.txt,体育,体育,0.9883827567100525,True,阿联直言打先发很淡定 湖人赛后经纪人找他谈合同,驻洛杉矶记者段冉12月8日报道 北京时间12月8日，斯台普斯中心的门前又呈现出赛季开幕战时的场面，门口早早就聚集了很多当地的中国球迷，那一场做客的是姚明，这一场，来的是阿联。 与湖人一战，由于先
2,pretrained,44,财经/799188.txt,财经,财经,0.9815464615821838,True,凶手持死者银行卡柜台提现 被害者家属状告银行,本报讯 (记者 于杰) 凶手杀人后用死者的银行卡在柜台成功提现6.3万元。凶手被执行死刑后，损失无法追回，被害者家属将凶手提现的农业银行顺义区支行告上法庭。昨天，此案在顺义法院开庭。 2006年7
2,pretrained,44,财经/799234.txt,财经,财经,0.9951756000518799,True,信用卡+工资卡 三招玩转信用卡理财,要玩转“信用卡”，需要“工资卡”的搭配。 首先，让自己的信用卡与借记卡挂钩起来，建立关联账户，这是信用卡还款的最佳方式。这主要是因为工资卡挂钩有定期的收入保证，保证了还款的及时性。不过，关联账户还
2,pretrained,44,财经/799258.txt,财经,财经,0.9955375790596008,True,五一刷卡谨防5%超限费 易引发滞纳金等费用,“五一”假期是都市人休息和休闲的好时光。随着假期的缩短，许多人的出游计划变为购物消费。而近年来信用卡成为越来越多成年人的消费首选。不过，如果持卡人不小心刷爆信用卡，很有可能被征收5%的超限费，甚至引发
2,pretrained,44,财经/799288.txt,财经,财经,0.9369456768035889,True,发卡量倒逼服务 招行信用卡艰难转身,本报记者 王芳艳 以信用卡发家的招商银行，在信用卡迅速扩张5年之后，犹如一头体重增长过快的大象，终于感到了前所未有的步履沉重。 到2008年8月，招行的信用卡发卡量飙升到2300万张卡，仅次于
2,pretrained,44,财经/799376.txt,财经,财经,0.9971021413803101,True,少还0.8元利息上千元 不同银行罚息差数万倍,文/表 记者方利平 少还几毛钱，却要按全额计付透支利息！在信用卡刷卡消费中，部分还款逾期却要按全额计息的规则，一直是个容易引起纠纷的话题。今年以来，部分银行将透支利息收取标准由全额计付改为部分计付
2,pretrained,44,财经/799462.txt,财经,财经,0.988339900970459,True,布局民生 建行业务结构谋变,6月21日到6月27日期间，建行总行机构业务部相关负责人奔赴广东、陕西、重庆等地考察验收“民本通达”试点情况。在总结试点的经验教训后，该方案有望于2个月之内在建行全面推行。 据该方案研发团队主要成
2,pretrained,44,财经/799607.txt,财经,财经,0.9944446682929993,True,信贷趋紧下 银行贷款利率上浮,中小企业在一定程度上受影响，但贷款支持力度有望继续得到保证 沈易安 信贷从紧力度加大的情况下，以存贷差为主要利润来源的商业银行正面临严峻考验。《第一财经日报》近日从多家银行了解到，它们的贷款利
2,pretrained,44,财经/799690.txt,财经,财经,0.9841760396957397,True,银行理财晒中考成绩：仅信托和澳元产品出色,7月，不仅意味着2010年上半年已成为过去时，还标志着又到了银行理财产品晒出自己年中“中考”成绩单、投资者们检查和调整投资决策的时候。近期，国内某知名理财调查研究机构给出了一组数据：据不完全统计，今年
2,pretrained,44,财经/799898.txt,财经,财经,0.9970492124557495,True,银监会就发布商业银行声誉风险管理指引答问,银监会有关部门负责人就发布 《商业银行声誉风险管理指引》答记者问 近日，银监会发布了《商业银行声誉风险管理指引》(以下简称《管理指引》)，银监会有关负责人就相关问题回答了记者的提问。 问：
2,pretrained,44,财经/799959.txt,财经,财经,0.9751704335212708,True,银行职员私改密码致储户被骗28万元,□记者刘昌武韩景玮实习生李宾宾 通讯员张胜利 本报讯 明知朋友要诈骗他人钱财，荥阳市农行一职员还私自篡改储户的银行卡密码，致使储户被骗28万元。昨天，郑州市上街区法院审结一起诈骗案，分文未得的
2,pretrained,44,财经/799960.txt,财经,财经,0.8588184714317322,True,ATM又吐双倍钱 担心后患夫妻还钱要求立字据,记得以前有个人这样拿走十几万 如果当时找不到银行的人就打110 字据写明其他客户所做交易与他们无关 叹“做好事也不容易”出来打工只求安心 本报讯 (记者罗桦琳)按100元吐200元，按
2,pretrained,44,财经/800186.txt,财经,财经,0.9962053298950195,True,招行南京分行首套房贷利率上调至8折,近期关于房贷优惠政策收紧的传言在南京终于有了先例——招商银行南京分行昨天中午下发通知，明确了首套房贷利率优惠由原来的7折上调为8折，在认定上以家庭为单位，但如果首套房贷还清，再贷还是认定为首套房，11
2,scratch,44,体育/100080.txt,体育,体育,0.5007345676422119,True,现场：阿联助攻帮队友腾飞 奇才半场落后骑士8分,新浪体育讯 第二节，阿联篮下出手，球磕框而出。两队急于进攻随后各出现一次低级失误，骑士率先找到节奏，连续两次进攻得手。 奇才则采用大个球员提到上线接球策应的战术，与沃尔挡拆配合后，阿联接到传球，但
2,scratch,44,体育/100169.txt,体育,体育,0.5012255907058716,True,现场：皇帝吃火锅头箍被打掉 斯隆不满吃技术犯规,第三节比赛开始，爵士终于有所起色，内线的杰弗森和米尔萨普率先发威，各自拿下两分，此后，德隆接管比赛，先是一记中投命中，然后助攻米尔萨普上篮得分。比赛进行到还剩8分47秒，詹姆斯投篮不中，波什抢下前场篮
2,scratch,44,体育/100243.txt,体育,体育,0.501101553440094,True,勒夫31分31板轰跑尼克斯 纳什发飙太阳主场灭国王,新浪体育讯 北京时间11月13日，森林狼大将凯文-勒夫发飙，砍下31分31个篮板，森林狼击败尼克斯，取得二连胜；小牛在主场击退76人；太阳在主场拿下国王。以下是这三场比赛的综述： 尼克斯103-森
2,scratch,44,体育/100269.txt,体育,体育,0.5017268061637878,True,勒夫31篮板表现刺激阿联队友 麦基发微博誓言爆发,新浪体育讯 北京时间11月14日消息，据《华盛顿邮报》报道，奇才中锋贾维尔-麦基昨天的比赛里只抢到了两个篮板球，这已经是他本赛季第二次如此尴尬。而他现在也放言保证要加强篮板球。 比赛结束后，心情郁
2,scratch,44,体育/100471.txt,体育,体育,0.5014204978942871,True,现场：米勒挂彩激发火箭血性 状元打三分保住领先,新浪体育讯 北京时间11月20日消息，火箭今天继续客场之旅，在多伦多面对猛龙。火箭半场43比51落后对手。 下半场，主力悉数上阵。但是火箭仍旧在凭借罚球得分。不过斯科拉率先开火，上篮得手之后，马丁
2,scratch,44,体育/100585.txt,体育,体育,0.5016653537750244,True,奇才悍将：让全明星赛一边去 我今晚真是打兴奋了,新浪体育讯 北京时间11月24日(华盛顿时间23日)华盛顿奇才队主场迎战费城76人。上一次遇到对手时，两队就打进了加时，今天更是将比赛的悬念延展到第53分钟。最终，奇才评价尼克-杨的三分球，以两分的优
2,scratch,44,体育/100681.txt,体育,体育,0.5014241933822632,True,怪异!14.5秒科比两次绝杀不投 输球他仍能欣慰一笑,当时爵士领先2分，科比持球，按上赛季大伙习惯了的剧情，这该是“绝杀时刻”。可这次的版本却180度转变，飞侠连续两次都没有选择自己进攻，而是传球给了阿泰。第一次，阿泰底角运了一步但空位半截篮弹筐而出；第
2,scratch,44,体育/100739.txt,体育,体育,0.5014172196388245,True,斯科特抱怨裁判被罚3万5 骑士主帅过嘴瘾钱包遭殃,新浪体育讯 北京时间11月29日消息，据美联社报道，联盟的执行副总裁斯图-杰克逊宣布，骑士主帅拜伦-斯科特因为公开指责裁判判罚不公而被罚款35000美元。 两天前骑士100-111不敌魔术，赛后斯
2,scratch,44,体育/100794.txt,体育,体育,0.5016087293624878,True,调查-火箭客场完败于小牛 您如何评价他们的表现？,新浪体育讯 北京时间11月30日，得州内战，火箭在客场以91-101不敌小牛。 火箭(5-12)技不如人，早早缴械投降。凯文-马丁17分，路易斯-斯科拉15分5个篮板，替补出场的布拉德-米勒11分
2,scratch,44,体育/101091.txt,体育,体育,0.501658022403717,True,费舍尔绝杀差一点就被帽 禅师没有他俩我们赢不了,新浪体育讯 北京时间12月9日消息，比赛时间越来越少，德里克-费舍尔控球，这位36岁的老将没有像季后赛那样选择在外线投篮，他做了一个不同的抉择，他用突破抛投命中压哨球，这让洛杉矶湖人队以87比86险胜
2,scratch,44,体育/101113.txt,体育,体育,0.501213550567627,True,疯狂专家谋划4队10人交易 火箭同时引进波什埃利斯,新浪体育讯 随着火箭强势反弹，火箭的各类新闻、流言也度过了平淡期，磨刀霍霍的杀了出来。一时间，各种交易线索交织在一起，煞是好看。其中《94red》的专职作者韦恩无疑是最疯狂的一位，他为火箭设计的交易计
2,scratch,44,体育/101115.txt,体育,体育,0.5014054179191589,True,阿联直言打先发很淡定 湖人赛后经纪人找他谈合同,驻洛杉矶记者段冉12月8日报道 北京时间12月8日，斯台普斯中心的门前又呈现出赛季开幕战时的场面，门口早早就聚集了很多当地的中国球迷，那一场做客的是姚明，这一场，来的是阿联。 与湖人一战，由于先
2,scratch,44,财经/799188.txt,财经,财经,0.50008225440979,True,凶手持死者银行卡柜台提现 被害者家属状告银行,本报讯 (记者 于杰) 凶手杀人后用死者的银行卡在柜台成功提现6.3万元。凶手被执行死刑后，损失无法追回，被害者家属将凶手提现的农业银行顺义区支行告上法庭。昨天，此案在顺义法院开庭。 2006年7
2,scratch,44,财经/799234.txt,财经,体育,0.5001152753829956,False,信用卡+工资卡 三招玩转信用卡理财,要玩转“信用卡”，需要“工资卡”的搭配。 首先，让自己的信用卡与借记卡挂钩起来，建立关联账户，这是信用卡还款的最佳方式。这主要是因为工资卡挂钩有定期的收入保证，保证了还款的及时性。不过，关联账户还
2,scratch,44,财经/799258.txt,财经,体育,0.5002447962760925,False,五一刷卡谨防5%超限费 易引发滞纳金等费用,“五一”假期是都市人休息和休闲的好时光。随着假期的缩短，许多人的出游计划变为购物消费。而近年来信用卡成为越来越多成年人的消费首选。不过，如果持卡人不小心刷爆信用卡，很有可能被征收5%的超限费，甚至引发
2,scratch,44,财经/799288.txt,财经,体育,0.5003041625022888,False,发卡量倒逼服务 招行信用卡艰难转身,本报记者 王芳艳 以信用卡发家的招商银行，在信用卡迅速扩张5年之后，犹如一头体重增长过快的大象，终于感到了前所未有的步履沉重。 到2008年8月，招行的信用卡发卡量飙升到2300万张卡，仅次于
2,scratch,44,财经/799376.txt,财经,体育,0.500131368637085,False,少还0.8元利息上千元 不同银行罚息差数万倍,文/表 记者方利平 少还几毛钱，却要按全额计付透支利息！在信用卡刷卡消费中，部分还款逾期却要按全额计息的规则，一直是个容易引起纠纷的话题。今年以来，部分银行将透支利息收取标准由全额计付改为部分计付
2,scratch,44,财经/799462.txt,财经,体育,0.500318169593811,False,布局民生 建行业务结构谋变,6月21日到6月27日期间，建行总行机构业务部相关负责人奔赴广东、陕西、重庆等地考察验收“民本通达”试点情况。在总结试点的经验教训后，该方案有望于2个月之内在建行全面推行。 据该方案研发团队主要成
2,scratch,44,财经/799607.txt,财经,财经,0.5001510381698608,True,信贷趋紧下 银行贷款利率上浮,中小企业在一定程度上受影响，但贷款支持力度有望继续得到保证 沈易安 信贷从紧力度加大的情况下，以存贷差为主要利润来源的商业银行正面临严峻考验。《第一财经日报》近日从多家银行了解到，它们的贷款利
2,scratch,44,财经/799690.txt,财经,体育,0.5002182722091675,False,银行理财晒中考成绩：仅信托和澳元产品出色,7月，不仅意味着2010年上半年已成为过去时，还标志着又到了银行理财产品晒出自己年中“中考”成绩单、投资者们检查和调整投资决策的时候。近期，国内某知名理财调查研究机构给出了一组数据：据不完全统计，今年
2,scratch,44,财经/799898.txt,财经,体育,0.500067949295044,False,银监会就发布商业银行声誉风险管理指引答问,银监会有关部门负责人就发布 《商业银行声誉风险管理指引》答记者问 近日，银监会发布了《商业银行声誉风险管理指引》(以下简称《管理指引》)，银监会有关负责人就相关问题回答了记者的提问。 问：
2,scratch,44,财经/799959.txt,财经,财经,0.5000796318054199,True,银行职员私改密码致储户被骗28万元,□记者刘昌武韩景玮实习生李宾宾 通讯员张胜利 本报讯 明知朋友要诈骗他人钱财，荥阳市农行一职员还私自篡改储户的银行卡密码，致使储户被骗28万元。昨天，郑州市上街区法院审结一起诈骗案，分文未得的
2,scratch,44,财经/799960.txt,财经,体育,0.5005483031272888,False,ATM又吐双倍钱 担心后患夫妻还钱要求立字据,记得以前有个人这样拿走十几万 如果当时找不到银行的人就打110 字据写明其他客户所做交易与他们无关 叹“做好事也不容易”出来打工只求安心 本报讯 (记者罗桦琳)按100元吐200元，按
2,scratch,44,财经/800186.txt,财经,体育,0.5000476837158203,False,招行南京分行首套房贷利率上调至8折,近期关于房贷优惠政策收紧的传言在南京终于有了先例——招商银行南京分行昨天中午下发通知，明确了首套房贷利率优惠由原来的7折上调为8折，在认定上以家庭为单位，但如果首套房贷还清，再贷还是认定为首套房，11
4,pretrained,44,体育/100080.txt,体育,体育,0.9960115551948547,True,现场：阿联助攻帮队友腾飞 奇才半场落后骑士8分,新浪体育讯 第二节，阿联篮下出手，球磕框而出。两队急于进攻随后各出现一次低级失误，骑士率先找到节奏，连续两次进攻得手。 奇才则采用大个球员提到上线接球策应的战术，与沃尔挡拆配合后，阿联接到传球，但
4,pretrained,44,体育/100169.txt,体育,体育,0.9983689188957214,True,现场：皇帝吃火锅头箍被打掉 斯隆不满吃技术犯规,第三节比赛开始，爵士终于有所起色，内线的杰弗森和米尔萨普率先发威，各自拿下两分，此后，德隆接管比赛，先是一记中投命中，然后助攻米尔萨普上篮得分。比赛进行到还剩8分47秒，詹姆斯投篮不中，波什抢下前场篮
4,pretrained,44,体育/100243.txt,体育,体育,0.9921115040779114,True,勒夫31分31板轰跑尼克斯 纳什发飙太阳主场灭国王,新浪体育讯 北京时间11月13日，森林狼大将凯文-勒夫发飙，砍下31分31个篮板，森林狼击败尼克斯，取得二连胜；小牛在主场击退76人；太阳在主场拿下国王。以下是这三场比赛的综述： 尼克斯103-森
4,pretrained,44,体育/100269.txt,体育,体育,0.9817657470703125,True,勒夫31篮板表现刺激阿联队友 麦基发微博誓言爆发,新浪体育讯 北京时间11月14日消息，据《华盛顿邮报》报道，奇才中锋贾维尔-麦基昨天的比赛里只抢到了两个篮板球，这已经是他本赛季第二次如此尴尬。而他现在也放言保证要加强篮板球。 比赛结束后，心情郁
4,pretrained,44,体育/100471.txt,体育,体育,0.9972668290138245,True,现场：米勒挂彩激发火箭血性 状元打三分保住领先,新浪体育讯 北京时间11月20日消息，火箭今天继续客场之旅，在多伦多面对猛龙。火箭半场43比51落后对手。 下半场，主力悉数上阵。但是火箭仍旧在凭借罚球得分。不过斯科拉率先开火，上篮得手之后，马丁
4,pretrained,44,体育/100585.txt,体育,体育,0.9760452508926392,True,奇才悍将：让全明星赛一边去 我今晚真是打兴奋了,新浪体育讯 北京时间11月24日(华盛顿时间23日)华盛顿奇才队主场迎战费城76人。上一次遇到对手时，两队就打进了加时，今天更是将比赛的悬念延展到第53分钟。最终，奇才评价尼克-杨的三分球，以两分的优
4,pretrained,44,体育/100681.txt,体育,体育,0.9735383987426758,True,怪异!14.5秒科比两次绝杀不投 输球他仍能欣慰一笑,当时爵士领先2分，科比持球，按上赛季大伙习惯了的剧情，这该是“绝杀时刻”。可这次的版本却180度转变，飞侠连续两次都没有选择自己进攻，而是传球给了阿泰。第一次，阿泰底角运了一步但空位半截篮弹筐而出；第
4,pretrained,44,体育/100739.txt,体育,体育,0.8806802034378052,True,斯科特抱怨裁判被罚3万5 骑士主帅过嘴瘾钱包遭殃,新浪体育讯 北京时间11月29日消息，据美联社报道，联盟的执行副总裁斯图-杰克逊宣布，骑士主帅拜伦-斯科特因为公开指责裁判判罚不公而被罚款35000美元。 两天前骑士100-111不敌魔术，赛后斯
4,pretrained,44,体育/100794.txt,体育,体育,0.9975690841674805,True,调查-火箭客场完败于小牛 您如何评价他们的表现？,新浪体育讯 北京时间11月30日，得州内战，火箭在客场以91-101不敌小牛。 火箭(5-12)技不如人，早早缴械投降。凯文-马丁17分，路易斯-斯科拉15分5个篮板，替补出场的布拉德-米勒11分
4,pretrained,44,体育/101091.txt,体育,体育,0.9907199144363403,True,费舍尔绝杀差一点就被帽 禅师没有他俩我们赢不了,新浪体育讯 北京时间12月9日消息，比赛时间越来越少，德里克-费舍尔控球，这位36岁的老将没有像季后赛那样选择在外线投篮，他做了一个不同的抉择，他用突破抛投命中压哨球，这让洛杉矶湖人队以87比86险胜
4,pretrained,44,体育/101113.txt,体育,体育,0.9525473713874817,True,疯狂专家谋划4队10人交易 火箭同时引进波什埃利斯,新浪体育讯 随着火箭强势反弹，火箭的各类新闻、流言也度过了平淡期，磨刀霍霍的杀了出来。一时间，各种交易线索交织在一起，煞是好看。其中《94red》的专职作者韦恩无疑是最疯狂的一位，他为火箭设计的交易计
4,pretrained,44,体育/101115.txt,体育,体育,0.9218773245811462,True,阿联直言打先发很淡定 湖人赛后经纪人找他谈合同,驻洛杉矶记者段冉12月8日报道 北京时间12月8日，斯台普斯中心的门前又呈现出赛季开幕战时的场面，门口早早就聚集了很多当地的中国球迷，那一场做客的是姚明，这一场，来的是阿联。 与湖人一战，由于先
4,pretrained,44,财经/799188.txt,财经,财经,0.9354332685470581,True,凶手持死者银行卡柜台提现 被害者家属状告银行,本报讯 (记者 于杰) 凶手杀人后用死者的银行卡在柜台成功提现6.3万元。凶手被执行死刑后，损失无法追回，被害者家属将凶手提现的农业银行顺义区支行告上法庭。昨天，此案在顺义法院开庭。 2006年7
4,pretrained,44,财经/799234.txt,财经,财经,0.802371621131897,True,信用卡+工资卡 三招玩转信用卡理财,要玩转“信用卡”，需要“工资卡”的搭配。 首先，让自己的信用卡与借记卡挂钩起来，建立关联账户，这是信用卡还款的最佳方式。这主要是因为工资卡挂钩有定期的收入保证，保证了还款的及时性。不过，关联账户还
4,pretrained,44,财经/799258.txt,财经,财经,0.9244276285171509,True,五一刷卡谨防5%超限费 易引发滞纳金等费用,“五一”假期是都市人休息和休闲的好时光。随着假期的缩短，许多人的出游计划变为购物消费。而近年来信用卡成为越来越多成年人的消费首选。不过，如果持卡人不小心刷爆信用卡，很有可能被征收5%的超限费，甚至引发
4,pretrained,44,财经/799288.txt,财经,财经,0.7819567918777466,True,发卡量倒逼服务 招行信用卡艰难转身,本报记者 王芳艳 以信用卡发家的招商银行，在信用卡迅速扩张5年之后，犹如一头体重增长过快的大象，终于感到了前所未有的步履沉重。 到2008年8月，招行的信用卡发卡量飙升到2300万张卡，仅次于
4,pretrained,44,财经/799376.txt,财经,财经,0.9826105237007141,True,少还0.8元利息上千元 不同银行罚息差数万倍,文/表 记者方利平 少还几毛钱，却要按全额计付透支利息！在信用卡刷卡消费中，部分还款逾期却要按全额计息的规则，一直是个容易引起纠纷的话题。今年以来，部分银行将透支利息收取标准由全额计付改为部分计付
4,pretrained,44,财经/799462.txt,财经,财经,0.6985805630683899,True,布局民生 建行业务结构谋变,6月21日到6月27日期间，建行总行机构业务部相关负责人奔赴广东、陕西、重庆等地考察验收“民本通达”试点情况。在总结试点的经验教训后，该方案有望于2个月之内在建行全面推行。 据该方案研发团队主要成
4,pretrained,44,财经/799607.txt,财经,财经,0.9805629849433899,True,信贷趋紧下 银行贷款利率上浮,中小企业在一定程度上受影响，但贷款支持力度有望继续得到保证 沈易安 信贷从紧力度加大的情况下，以存贷差为主要利润来源的商业银行正面临严峻考验。《第一财经日报》近日从多家银行了解到，它们的贷款利
4,pretrained,44,财经/799690.txt,财经,财经,0.9589750170707703,True,银行理财晒中考成绩：仅信托和澳元产品出色,7月，不仅意味着2010年上半年已成为过去时，还标志着又到了银行理财产品晒出自己年中“中考”成绩单、投资者们检查和调整投资决策的时候。近期，国内某知名理财调查研究机构给出了一组数据：据不完全统计，今年
4,pretrained,44,财经/799898.txt,财经,财经,0.8397147059440613,True,银监会就发布商业银行声誉风险管理指引答问,银监会有关部门负责人就发布 《商业银行声誉风险管理指引》答记者问 近日，银监会发布了《商业银行声誉风险管理指引》(以下简称《管理指引》)，银监会有关负责人就相关问题回答了记者的提问。 问：
4,pretrained,44,财经/799959.txt,财经,财经,0.9291660189628601,True,银行职员私改密码致储户被骗28万元,□记者刘昌武韩景玮实习生李宾宾 通讯员张胜利 本报讯 明知朋友要诈骗他人钱财，荥阳市农行一职员还私自篡改储户的银行卡密码，致使储户被骗28万元。昨天，郑州市上街区法院审结一起诈骗案，分文未得的
4,pretrained,44,财经/799960.txt,财经,财经,0.7250952124595642,True,ATM又吐双倍钱 担心后患夫妻还钱要求立字据,记得以前有个人这样拿走十几万 如果当时找不到银行的人就打110 字据写明其他客户所做交易与他们无关 叹“做好事也不容易”出来打工只求安心 本报讯 (记者罗桦琳)按100元吐200元，按
4,pretrained,44,财经/800186.txt,财经,财经,0.9805948138237,True,招行南京分行首套房贷利率上调至8折,近期关于房贷优惠政策收紧的传言在南京终于有了先例——招商银行南京分行昨天中午下发通知，明确了首套房贷利率优惠由原来的7折上调为8折，在认定上以家庭为单位，但如果首套房贷还清，再贷还是认定为首套房，11
4,pretrained,44,教育/284539.txt,教育,教育,0.3653220534324646,True,美国室友的独到见解：中国人都会功夫(图),那一年我去美国旅游，为了节省住宿费，我没住酒店，在加利福尼亚州的一个小镇上跟几个美国人合租一套公寓。那里在举办中国文化节，举办方在镇里的歌剧院组织了京剧、中国民乐表演，在镇中心广场舞起了狮子，当地电视
4,pretrained,44,教育/284583.txt,教育,教育,0.9003445506095886,True,名师把脉：申请加拿大高额奖学金绝招,当申请奖学金的时候，你通常需要写一封信递交奖学金管理员咨询更多信息，要一张申请表或是简单地介绍一下自己。这是向管理员展示你是最佳候选人的绝好时机。所以在发信前花一些时间仔细斟酌，务必简明，扼要且信息全
4,pretrained,44,教育/284608.txt,教育,教育,0.9751842617988586,True,权威指导：如何面对留学签证中的拒签,留学签证被拒签是会遇到的一个问题，面对拒签，因为没有成功案例，大部分留学机构选择沉默，通常的做法是重新组织材料，再次申请。这样的结果常常是赔了签证费又耽误时间。 分析指出，目前签证还是由各国领事馆
4,pretrained,44,教育/284632.txt,教育,教育,0.6971402764320374,True,亲历：零距离接触纽宾士域省多元文化,据悉，由上海市因私出入境服务中心境外合作方：加拿大KBL顾问集团组织的第26批考察团已于上周末出发前，往加拿大东部的纽宾士域省展开为期10天的商务考察活动。据了解，此次考察团将走访纽宾士域省的代表性城
4,pretrained,44,教育/284829.txt,教育,教育,0.9786415100097656,True,出国留学：走出“高层次”择业之路,谈论留学绕不开就业的话题，因为留学是学子们日后高层次就业的人生路径。就此问题，将在7月10日至11日由本报社区版于上海图书馆举办的大型留学择业咨询会上亮相的沪上四大著名留学机构的老总们是如何看待的？
4,pretrained,44,教育/284956.txt,教育,教育,0.9645659327507019,True,打工族：新西兰推出“工作度假计划”,记者从广东侨谊海外交流服务中心获悉，根据2008年中国和新西兰签署的《中华人民共和国政府和新西兰政府自由贸易协定》，新西兰针对中国年轻人推出了一项“新西兰工作度假计划”。根据协议，新西兰每年将允许10
4,pretrained,44,教育/285067.txt,教育,教育,0.4928460717201233,True,梦想成真：美女海归也有“空姐梦”(组图),本报讯 (记者黄琮 通讯员邵富强、南宣摄影报道)研究人体DNA排列的留学生、专业英语达到八级水平的美女硕士也来报名当空姐！近日南方航空在全国的空姐招募活动火爆异常。南航方面预计，今年空姐招募将成为有史
4,pretrained,44,教育/285246.txt,教育,教育,0.979406476020813,True,金融风暴催生澳大利亚商业移民热潮,项目简介 此类别主要是指申请人以自己的专业技能为基础，同时获得指定地区州政府或亲属担保的技术移民。此类签证要求申请人必须要符合澳洲技术移民的基本要求并具备澳大利亚技术职业列表(SOL)中对应职业的
4,pretrained,44,教育/285369.txt,教育,娱乐,0.46657249331474304,False,特别策划：爆笑连连的出国故事猜猜看,刚刚出国时想必哥们儿姐们儿都因为英文不好跟老外过招时发生过搞笑的故事吧？只有想不到，没有做不到。新浪出国为您收集了14则爆笑的故事，和大家一起分享，让我们共同回忆在国外那些懵懂、青涩但难忘的岁月。
4,pretrained,44,教育/285374.txt,教育,教育,0.9631057381629944,True,《泰晤士报》2010年大学排行榜出炉,名校排行 继《卫报》推出2010年英国大学排名之后，英国《泰晤士报》近日也公布了该报新一年度的大学排名。和往年一样，牛津和剑桥两所老牌名校的仍然占据了综合排名的第一和第二头两把交椅，但今年的专业排
4,pretrained,44,教育/285591.txt,教育,教育,0.9541199207305908,True,最新动态：赴美签证将准备“提速”,晨报讯 据透露，旨在提速中国公民办理赴美签证的新政策目前正在酝酿之中，新政出台后，中国学生办理赴美留学的速度将更快、名校选择更多、获取奖学金的机会也更大。 北京因私出入境行业协会秘书长、鲲鹏国际总
4,pretrained,44,教育/285593.txt,教育,教育,0.7469682693481445,True,留学生：晒晒我在耶鲁创办的杂志(组图),在耶鲁大学，学生们很乐忠于创办各种杂志期刊。每学期，都会有2到4本新杂志创刊，但可惜大都以失败而告终。我似乎总是对自己写杂志有浓厚的兴趣，由于当年gap year的时候，我已经有过一些编写杂志的经历，
4,pretrained,44,娱乐/131610.txt,娱乐,财经,0.8772953748703003,False,国家开发银行原副行长王益受贿一审被判死缓,新华网北京4月15日电(记者陈菲) 北京市第一中级人民法院15日上午对国家开发银行原副行长王益作出一审判决，认定王益犯受贿罪，判处死刑，缓期二年执行，剥夺政治权利终身，没收个人全部财产。 北京市第
4,pretrained,44,娱乐/131740.txt,娱乐,娱乐,0.5934503674507141,True,新周刊：陆川解读南京--生死之城生死之问(图),南京大屠杀，是72年前的事。 侵华日军在1937年12月13日之后长达数月的屠杀，超过30万中国人成为冤魂。 在当代中国人的记忆里，没有什么比它更沉重。 忘记历史就意味着背叛——那么，我们
4,pretrained,44,娱乐/131759.txt,娱乐,娱乐,0.9268839955329895,True,实录：《爱有来生》主创专访 段奕宏曝女友身份,新浪娱乐讯 演员俞飞鸿转型导演的电影处女作《爱有来生》即将于8月26日公映。本片是国内第一部为中国的七夕情人节量身订做的电影，也成为了今年暑期档电影票房争夺战中最后压轴上映的影片。而8月14日，影片导
4,pretrained,44,娱乐/131805.txt,娱乐,娱乐,0.8373547196388245,True,精品购物指南：2011翻拍之春抑或榨干之冬(图),撰文/杜晋华 王子烨 白郁虹 吕佳 编辑/王子烨 看看2011的片单，翻拍，又见翻拍——“经典”中寻宝、各路热门改编、直接走进“2.0”时代。一个聂小倩、两队杨家将、两位杨子荣、三个李小龙、三桌鸿
4,pretrained,44,娱乐/131865.txt,娱乐,娱乐,0.9070640206336975,True,陈木胜新片翻拍《一线生机》 大S古天乐出演,本报讯 （记者杨林）如果有一天你的手机接到陌生女子电话，要你帮之奔忙并营救她于水深火热，你会怎么办？最近古天乐()就遇到这样的麻烦事。翻拍自好莱坞制作《一线生机》的《保持通话》近日在香港开机，男主角是
4,pretrained,44,娱乐/131933.txt,娱乐,娱乐,0.9810101985931396,True,《证人》杀青谢霆锋攀爬竹梯不畏惧(组图),视频：谢霆锋张家辉张静初主演《证人》杀青 新浪娱乐讯 谢霆锋( 听歌)、张家辉(听歌 blog)、张静初( blog)等终于结束了新片《证人》最后一场戏的拍摄，正式宣告杀青。 当问到有了家庭
4,pretrained,44,娱乐/132127.txt,娱乐,娱乐,0.9242207407951355,True,《筑梦2008》代表中国内地“申奥”(图),新浪娱乐讯 代表中国内地角逐第81届奥斯卡()最佳外语片的影片已经敲定为奥运题材影片《筑梦2008》。今年传统大片都纷纷放弃“申奥”，《筑梦2008》在与《隐形的翅膀》、《一个人的奥林匹克》等“小片”
4,pretrained,44,娱乐/132192.txt,娱乐,娱乐,0.9762789011001587,True,王晶易稿打动刘德华 耗资过亿打造《未来警探》,新浪娱乐讯 据台湾媒体报道，台湾学者电影公司老板蔡松林已确认投拍王晶()编导的新戏《未来警察》。该片阵容强大，投资达6亿台币(1.5亿人民币)，除请来奥运会开幕式空中特技总设计也是香港最知名武指之一的
4,pretrained,44,娱乐/132421.txt,娱乐,娱乐,0.9129601716995239,True,魏德圣失落奖项不遗憾 新片与李安吴宇森合作,新浪娱乐讯 热爆电影《海角七号》导演魏德圣虽然在6日金马奖颁奖礼上失落最佳导演及最佳剧情片奖，却赢得更难能可贵的两个“导演”奖。他前晚在《海》片派对上，获李安赏脸出席，他说：“我很满足，对手是大制作，
4,pretrained,44,娱乐/132573.txt,娱乐,娱乐,0.9002578258514404,True,吴宇森回应《赤壁》争议：其实，你不懂我的心,拍一次三国，发一次思古之豪情，这是众多电影人梦寐以求的事情。昨日下午，终于圆梦的吴宇森满脸喜气地携夫人牛春龙(blog)，主创张山、小宋佳以及主题曲演唱者四川姑娘阿兰亮相武侯祠，为新上映的《赤壁(下)
4,pretrained,44,娱乐/132743.txt,娱乐,娱乐,0.9852843284606934,True,第三届亚洲电影大奖蒋雯丽周迅赵薇争影后,荆楚网消息 (楚天都市报) 前日，第三届亚洲电影大奖公布提名名单，中国的《梅兰芳》、《赤壁》，日本的《悬崖上的金鱼姬》获得最佳影片提名，成为该奖项最有力竞争者。 冯小刚、吴宇森分别凭《非诚勿扰》
4,pretrained,44,娱乐/132751.txt,娱乐,娱乐,0.965984582901001,True,《杜拉拉升职记》6月开拍 徐静蕾香港选景(图),新浪娱乐讯 由尔冬升执导，成龙、徐静蕾、吴彦祖、范冰冰主演的电影《新宿事件》于今天亮相香港国际电影节。之前有传闻她将执导拍摄电影版《杜拉拉升职记》也得到了徐静蕾本人的印证。徐静蕾透露，新片可能将在6月
4,scratch,44,体育/100080.txt,体育,体育,0.2504676580429077,True,现场：阿联助攻帮队友腾飞 奇才半场落后骑士8分,新浪体育讯 第二节，阿联篮下出手，球磕框而出。两队急于进攻随后各出现一次低级失误，骑士率先找到节奏，连续两次进攻得手。 奇才则采用大个球员提到上线接球策应的战术，与沃尔挡拆配合后，阿联接到传球，但
4,scratch,44,体育/100169.txt,体育,体育,0.25077134370803833,True,现场：皇帝吃火锅头箍被打掉 斯隆不满吃技术犯规,第三节比赛开始，爵士终于有所起色，内线的杰弗森和米尔萨普率先发威，各自拿下两分，此后，德隆接管比赛，先是一记中投命中，然后助攻米尔萨普上篮得分。比赛进行到还剩8分47秒，詹姆斯投篮不中，波什抢下前场篮
4,scratch,44,体育/100243.txt,体育,体育,0.2506997883319855,True,勒夫31分31板轰跑尼克斯 纳什发飙太阳主场灭国王,新浪体育讯 北京时间11月13日，森林狼大将凯文-勒夫发飙，砍下31分31个篮板，森林狼击败尼克斯，取得二连胜；小牛在主场击退76人；太阳在主场拿下国王。以下是这三场比赛的综述： 尼克斯103-森
4,scratch,44,体育/100269.txt,体育,体育,0.25086233019828796,True,勒夫31篮板表现刺激阿联队友 麦基发微博誓言爆发,新浪体育讯 北京时间11月14日消息，据《华盛顿邮报》报道，奇才中锋贾维尔-麦基昨天的比赛里只抢到了两个篮板球，这已经是他本赛季第二次如此尴尬。而他现在也放言保证要加强篮板球。 比赛结束后，心情郁
4,scratch,44,体育/100471.txt,体育,体育,0.2508377134799957,True,现场：米勒挂彩激发火箭血性 状元打三分保住领先,新浪体育讯 北京时间11月20日消息，火箭今天继续客场之旅，在多伦多面对猛龙。火箭半场43比51落后对手。 下半场，主力悉数上阵。但是火箭仍旧在凭借罚球得分。不过斯科拉率先开火，上篮得手之后，马丁
4,scratch,44,体育/100585.txt,体育,体育,0.2508668005466461,True,奇才悍将：让全明星赛一边去 我今晚真是打兴奋了,新浪体育讯 北京时间11月24日(华盛顿时间23日)华盛顿奇才队主场迎战费城76人。上一次遇到对手时，两队就打进了加时，今天更是将比赛的悬念延展到第53分钟。最终，奇才评价尼克-杨的三分球，以两分的优
4,scratch,44,体育/100681.txt,体育,体育,0.25065311789512634,True,怪异!14.5秒科比两次绝杀不投 输球他仍能欣慰一笑,当时爵士领先2分，科比持球，按上赛季大伙习惯了的剧情，这该是“绝杀时刻”。可这次的版本却180度转变，飞侠连续两次都没有选择自己进攻，而是传球给了阿泰。第一次，阿泰底角运了一步但空位半截篮弹筐而出；第
4,scratch,44,体育/100739.txt,体育,体育,0.25072574615478516,True,斯科特抱怨裁判被罚3万5 骑士主帅过嘴瘾钱包遭殃,新浪体育讯 北京时间11月29日消息，据美联社报道，联盟的执行副总裁斯图-杰克逊宣布，骑士主帅拜伦-斯科特因为公开指责裁判判罚不公而被罚款35000美元。 两天前骑士100-111不敌魔术，赛后斯
4,scratch,44,体育/100794.txt,体育,体育,0.2509485185146332,True,调查-火箭客场完败于小牛 您如何评价他们的表现？,新浪体育讯 北京时间11月30日，得州内战，火箭在客场以91-101不敌小牛。 火箭(5-12)技不如人，早早缴械投降。凯文-马丁17分，路易斯-斯科拉15分5个篮板，替补出场的布拉德-米勒11分
4,scratch,44,体育/101091.txt,体育,体育,0.25087448954582214,True,费舍尔绝杀差一点就被帽 禅师没有他俩我们赢不了,新浪体育讯 北京时间12月9日消息，比赛时间越来越少，德里克-费舍尔控球，这位36岁的老将没有像季后赛那样选择在外线投篮，他做了一个不同的抉择，他用突破抛投命中压哨球，这让洛杉矶湖人队以87比86险胜
4,scratch,44,体育/101113.txt,体育,体育,0.25057241320610046,True,疯狂专家谋划4队10人交易 火箭同时引进波什埃利斯,新浪体育讯 随着火箭强势反弹，火箭的各类新闻、流言也度过了平淡期，磨刀霍霍的杀了出来。一时间，各种交易线索交织在一起，煞是好看。其中《94red》的专职作者韦恩无疑是最疯狂的一位，他为火箭设计的交易计
4,scratch,44,体育/101115.txt,体育,体育,0.2506929039955139,True,阿联直言打先发很淡定 湖人赛后经纪人找他谈合同,驻洛杉矶记者段冉12月8日报道 北京时间12月8日，斯台普斯中心的门前又呈现出赛季开幕战时的场面，门口早早就聚集了很多当地的中国球迷，那一场做客的是姚明，这一场，来的是阿联。 与湖人一战，由于先
4,scratch,44,财经/799188.txt,财经,体育,0.25006628036499023,False,凶手持死者银行卡柜台提现 被害者家属状告银行,本报讯 (记者 于杰) 凶手杀人后用死者的银行卡在柜台成功提现6.3万元。凶手被执行死刑后，损失无法追回，被害者家属将凶手提现的农业银行顺义区支行告上法庭。昨天，此案在顺义法院开庭。 2006年7
4,scratch,44,财经/799234.txt,财经,教育,0.2502439022064209,False,信用卡+工资卡 三招玩转信用卡理财,要玩转“信用卡”，需要“工资卡”的搭配。 首先，让自己的信用卡与借记卡挂钩起来，建立关联账户，这是信用卡还款的最佳方式。这主要是因为工资卡挂钩有定期的收入保证，保证了还款的及时性。不过，关联账户还
4,scratch,44,财经/799258.txt,财经,教育,0.2501649856567383,False,五一刷卡谨防5%超限费 易引发滞纳金等费用,“五一”假期是都市人休息和休闲的好时光。随着假期的缩短，许多人的出游计划变为购物消费。而近年来信用卡成为越来越多成年人的消费首选。不过，如果持卡人不小心刷爆信用卡，很有可能被征收5%的超限费，甚至引发
4,scratch,44,财经/799288.txt,财经,教育,0.25017669796943665,False,发卡量倒逼服务 招行信用卡艰难转身,本报记者 王芳艳 以信用卡发家的招商银行，在信用卡迅速扩张5年之后，犹如一头体重增长过快的大象，终于感到了前所未有的步履沉重。 到2008年8月，招行的信用卡发卡量飙升到2300万张卡，仅次于
4,scratch,44,财经/799376.txt,财经,教育,0.2501090466976166,False,少还0.8元利息上千元 不同银行罚息差数万倍,文/表 记者方利平 少还几毛钱，却要按全额计付透支利息！在信用卡刷卡消费中，部分还款逾期却要按全额计息的规则，一直是个容易引起纠纷的话题。今年以来，部分银行将透支利息收取标准由全额计付改为部分计付
4,scratch,44,财经/799462.txt,财经,教育,0.250129759311676,False,布局民生 建行业务结构谋变,6月21日到6月27日期间，建行总行机构业务部相关负责人奔赴广东、陕西、重庆等地考察验收“民本通达”试点情况。在总结试点的经验教训后，该方案有望于2个月之内在建行全面推行。 据该方案研发团队主要成
4,scratch,44,财经/799607.txt,财经,教育,0.25009214878082275,False,信贷趋紧下 银行贷款利率上浮,中小企业在一定程度上受影响，但贷款支持力度有望继续得到保证 沈易安 信贷从紧力度加大的情况下，以存贷差为主要利润来源的商业银行正面临严峻考验。《第一财经日报》近日从多家银行了解到，它们的贷款利
4,scratch,44,财经/799690.txt,财经,体育,0.25012242794036865,False,银行理财晒中考成绩：仅信托和澳元产品出色,7月，不仅意味着2010年上半年已成为过去时，还标志着又到了银行理财产品晒出自己年中“中考”成绩单、投资者们检查和调整投资决策的时候。近期，国内某知名理财调查研究机构给出了一组数据：据不完全统计，今年
4,scratch,44,财经/799898.txt,财经,教育,0.25014728307724,False,银监会就发布商业银行声誉风险管理指引答问,银监会有关部门负责人就发布 《商业银行声誉风险管理指引》答记者问 近日，银监会发布了《商业银行声誉风险管理指引》(以下简称《管理指引》)，银监会有关负责人就相关问题回答了记者的提问。 问：
4,scratch,44,财经/799959.txt,财经,教育,0.2500859498977661,False,银行职员私改密码致储户被骗28万元,□记者刘昌武韩景玮实习生李宾宾 通讯员张胜利 本报讯 明知朋友要诈骗他人钱财，荥阳市农行一职员还私自篡改储户的银行卡密码，致使储户被骗28万元。昨天，郑州市上街区法院审结一起诈骗案，分文未得的
4,scratch,44,财经/799960.txt,财经,体育,0.25034278631210327,False,ATM又吐双倍钱 担心后患夫妻还钱要求立字据,记得以前有个人这样拿走十几万 如果当时找不到银行的人就打110 字据写明其他客户所做交易与他们无关 叹“做好事也不容易”出来打工只求安心 本报讯 (记者罗桦琳)按100元吐200元，按
4,scratch,44,财经/800186.txt,财经,教育,0.2501043677330017,False,招行南京分行首套房贷利率上调至8折,近期关于房贷优惠政策收紧的传言在南京终于有了先例——招商银行南京分行昨天中午下发通知，明确了首套房贷利率优惠由原来的7折上调为8折，在认定上以家庭为单位，但如果首套房贷还清，再贷还是认定为首套房，11
4,scratch,44,教育/284539.txt,教育,体育,0.25058358907699585,False,美国室友的独到见解：中国人都会功夫(图),那一年我去美国旅游，为了节省住宿费，我没住酒店，在加利福尼亚州的一个小镇上跟几个美国人合租一套公寓。那里在举办中国文化节，举办方在镇里的歌剧院组织了京剧、中国民乐表演，在镇中心广场舞起了狮子，当地电视
4,scratch,44,教育/284583.txt,教育,体育,0.25038743019104004,False,名师把脉：申请加拿大高额奖学金绝招,当申请奖学金的时候，你通常需要写一封信递交奖学金管理员咨询更多信息，要一张申请表或是简单地介绍一下自己。这是向管理员展示你是最佳候选人的绝好时机。所以在发信前花一些时间仔细斟酌，务必简明，扼要且信息全
4,scratch,44,教育/284608.txt,教育,教育,0.2504658102989197,True,权威指导：如何面对留学签证中的拒签,留学签证被拒签是会遇到的一个问题，面对拒签，因为没有成功案例，大部分留学机构选择沉默，通常的做法是重新组织材料，再次申请。这样的结果常常是赔了签证费又耽误时间。 分析指出，目前签证还是由各国领事馆
4,scratch,44,教育/284632.txt,教育,教育,0.2503297030925751,True,亲历：零距离接触纽宾士域省多元文化,据悉，由上海市因私出入境服务中心境外合作方：加拿大KBL顾问集团组织的第26批考察团已于上周末出发前，往加拿大东部的纽宾士域省展开为期10天的商务考察活动。据了解，此次考察团将走访纽宾士域省的代表性城
4,scratch,44,教育/284829.txt,教育,教育,0.25036779046058655,True,出国留学：走出“高层次”择业之路,谈论留学绕不开就业的话题，因为留学是学子们日后高层次就业的人生路径。就此问题，将在7月10日至11日由本报社区版于上海图书馆举办的大型留学择业咨询会上亮相的沪上四大著名留学机构的老总们是如何看待的？
4,scratch,44,教育/284956.txt,教育,教育,0.250227689743042,True,打工族：新西兰推出“工作度假计划”,记者从广东侨谊海外交流服务中心获悉，根据2008年中国和新西兰签署的《中华人民共和国政府和新西兰政府自由贸易协定》，新西兰针对中国年轻人推出了一项“新西兰工作度假计划”。根据协议，新西兰每年将允许10
4,scratch,44,教育/285067.txt,教育,教育,0.25022873282432556,True,梦想成真：美女海归也有“空姐梦”(组图),本报讯 (记者黄琮 通讯员邵富强、南宣摄影报道)研究人体DNA排列的留学生、专业英语达到八级水平的美女硕士也来报名当空姐！近日南方航空在全国的空姐招募活动火爆异常。南航方面预计，今年空姐招募将成为有史
4,scratch,44,教育/285246.txt,教育,教育,0.2503053843975067,True,金融风暴催生澳大利亚商业移民热潮,项目简介 此类别主要是指申请人以自己的专业技能为基础，同时获得指定地区州政府或亲属担保的技术移民。此类签证要求申请人必须要符合澳洲技术移民的基本要求并具备澳大利亚技术职业列表(SOL)中对应职业的
4,scratch,44,教育/285369.txt,教育,体育,0.2505702078342438,False,特别策划：爆笑连连的出国故事猜猜看,刚刚出国时想必哥们儿姐们儿都因为英文不好跟老外过招时发生过搞笑的故事吧？只有想不到，没有做不到。新浪出国为您收集了14则爆笑的故事，和大家一起分享，让我们共同回忆在国外那些懵懂、青涩但难忘的岁月。
4,scratch,44,教育/285374.txt,教育,体育,0.2503312826156616,False,《泰晤士报》2010年大学排行榜出炉,名校排行 继《卫报》推出2010年英国大学排名之后，英国《泰晤士报》近日也公布了该报新一年度的大学排名。和往年一样，牛津和剑桥两所老牌名校的仍然占据了综合排名的第一和第二头两把交椅，但今年的专业排
4,scratch,44,教育/285591.txt,教育,教育,0.2503480911254883,True,最新动态：赴美签证将准备“提速”,晨报讯 据透露，旨在提速中国公民办理赴美签证的新政策目前正在酝酿之中，新政出台后，中国学生办理赴美留学的速度将更快、名校选择更多、获取奖学金的机会也更大。 北京因私出入境行业协会秘书长、鲲鹏国际总
4,scratch,44,教育/285593.txt,教育,体育,0.250331848859787,False,留学生：晒晒我在耶鲁创办的杂志(组图),在耶鲁大学，学生们很乐忠于创办各种杂志期刊。每学期，都会有2到4本新杂志创刊，但可惜大都以失败而告终。我似乎总是对自己写杂志有浓厚的兴趣，由于当年gap year的时候，我已经有过一些编写杂志的经历，
4,scratch,44,娱乐/131610.txt,娱乐,财经,0.2500331699848175,False,国家开发银行原副行长王益受贿一审被判死缓,新华网北京4月15日电(记者陈菲) 北京市第一中级人民法院15日上午对国家开发银行原副行长王益作出一审判决，认定王益犯受贿罪，判处死刑，缓期二年执行，剥夺政治权利终身，没收个人全部财产。 北京市第
4,scratch,44,娱乐/131740.txt,娱乐,教育,0.250297874212265,False,新周刊：陆川解读南京--生死之城生死之问(图),南京大屠杀，是72年前的事。 侵华日军在1937年12月13日之后长达数月的屠杀，超过30万中国人成为冤魂。 在当代中国人的记忆里，没有什么比它更沉重。 忘记历史就意味着背叛——那么，我们
4,scratch,44,娱乐/131759.txt,娱乐,体育,0.2504645586013794,False,实录：《爱有来生》主创专访 段奕宏曝女友身份,新浪娱乐讯 演员俞飞鸿转型导演的电影处女作《爱有来生》即将于8月26日公映。本片是国内第一部为中国的七夕情人节量身订做的电影，也成为了今年暑期档电影票房争夺战中最后压轴上映的影片。而8月14日，影片导
4,scratch,44,娱乐/131805.txt,娱乐,体育,0.25026828050613403,False,精品购物指南：2011翻拍之春抑或榨干之冬(图),撰文/杜晋华 王子烨 白郁虹 吕佳 编辑/王子烨 看看2011的片单，翻拍，又见翻拍——“经典”中寻宝、各路热门改编、直接走进“2.0”时代。一个聂小倩、两队杨家将、两位杨子荣、三个李小龙、三桌鸿
4,scratch,44,娱乐/131865.txt,娱乐,体育,0.2502285838127136,False,陈木胜新片翻拍《一线生机》 大S古天乐出演,本报讯 （记者杨林）如果有一天你的手机接到陌生女子电话，要你帮之奔忙并营救她于水深火热，你会怎么办？最近古天乐()就遇到这样的麻烦事。翻拍自好莱坞制作《一线生机》的《保持通话》近日在香港开机，男主角是
4,scratch,44,娱乐/131933.txt,娱乐,体育,0.250289648771286,False,《证人》杀青谢霆锋攀爬竹梯不畏惧(组图),视频：谢霆锋张家辉张静初主演《证人》杀青 新浪娱乐讯 谢霆锋( 听歌)、张家辉(听歌 blog)、张静初( blog)等终于结束了新片《证人》最后一场戏的拍摄，正式宣告杀青。 当问到有了家庭
4,scratch,44,娱乐/132127.txt,娱乐,教育,0.25019571185112,False,《筑梦2008》代表中国内地“申奥”(图),新浪娱乐讯 代表中国内地角逐第81届奥斯卡()最佳外语片的影片已经敲定为奥运题材影片《筑梦2008》。今年传统大片都纷纷放弃“申奥”，《筑梦2008》在与《隐形的翅膀》、《一个人的奥林匹克》等“小片”
4,scratch,44,娱乐/132192.txt,娱乐,教育,0.2501433491706848,False,王晶易稿打动刘德华 耗资过亿打造《未来警探》,新浪娱乐讯 据台湾媒体报道，台湾学者电影公司老板蔡松林已确认投拍王晶()编导的新戏《未来警察》。该片阵容强大，投资达6亿台币(1.5亿人民币)，除请来奥运会开幕式空中特技总设计也是香港最知名武指之一的
4,scratch,44,娱乐/132421.txt,娱乐,体育,0.2502412497997284,False,魏德圣失落奖项不遗憾 新片与李安吴宇森合作,新浪娱乐讯 热爆电影《海角七号》导演魏德圣虽然在6日金马奖颁奖礼上失落最佳导演及最佳剧情片奖，却赢得更难能可贵的两个“导演”奖。他前晚在《海》片派对上，获李安赏脸出席，他说：“我很满足，对手是大制作，
4,scratch,44,娱乐/132573.txt,娱乐,体育,0.2503444254398346,False,吴宇森回应《赤壁》争议：其实，你不懂我的心,拍一次三国，发一次思古之豪情，这是众多电影人梦寐以求的事情。昨日下午，终于圆梦的吴宇森满脸喜气地携夫人牛春龙(blog)，主创张山、小宋佳以及主题曲演唱者四川姑娘阿兰亮相武侯祠，为新上映的《赤壁(下)
4,scratch,44,娱乐/132743.txt,娱乐,教育,0.25014787912368774,False,第三届亚洲电影大奖蒋雯丽周迅赵薇争影后,荆楚网消息 (楚天都市报) 前日，第三届亚洲电影大奖公布提名名单，中国的《梅兰芳》、《赤壁》，日本的《悬崖上的金鱼姬》获得最佳影片提名，成为该奖项最有力竞争者。 冯小刚、吴宇森分别凭《非诚勿扰》
4,scratch,44,娱乐/132751.txt,娱乐,体育,0.2502110004425049,False,《杜拉拉升职记》6月开拍 徐静蕾香港选景(图),新浪娱乐讯 由尔冬升执导，成龙、徐静蕾、吴彦祖、范冰冰主演的电影《新宿事件》于今天亮相香港国际电影节。之前有传闻她将执导拍摄电影版《杜拉拉升职记》也得到了徐静蕾本人的印证。徐静蕾透露，新片可能将在6月
8,pretrained,44,体育/100080.txt,体育,体育,0.9886553287506104,True,现场：阿联助攻帮队友腾飞 奇才半场落后骑士8分,新浪体育讯 第二节，阿联篮下出手，球磕框而出。两队急于进攻随后各出现一次低级失误，骑士率先找到节奏，连续两次进攻得手。 奇才则采用大个球员提到上线接球策应的战术，与沃尔挡拆配合后，阿联接到传球，但
8,pretrained,44,体育/100169.txt,体育,体育,0.996477484703064,True,现场：皇帝吃火锅头箍被打掉 斯隆不满吃技术犯规,第三节比赛开始，爵士终于有所起色，内线的杰弗森和米尔萨普率先发威，各自拿下两分，此后，德隆接管比赛，先是一记中投命中，然后助攻米尔萨普上篮得分。比赛进行到还剩8分47秒，詹姆斯投篮不中，波什抢下前场篮
8,pretrained,44,体育/100243.txt,体育,体育,0.9864210486412048,True,勒夫31分31板轰跑尼克斯 纳什发飙太阳主场灭国王,新浪体育讯 北京时间11月13日，森林狼大将凯文-勒夫发飙，砍下31分31个篮板，森林狼击败尼克斯，取得二连胜；小牛在主场击退76人；太阳在主场拿下国王。以下是这三场比赛的综述： 尼克斯103-森
8,pretrained,44,体育/100269.txt,体育,体育,0.9589786529541016,True,勒夫31篮板表现刺激阿联队友 麦基发微博誓言爆发,新浪体育讯 北京时间11月14日消息，据《华盛顿邮报》报道，奇才中锋贾维尔-麦基昨天的比赛里只抢到了两个篮板球，这已经是他本赛季第二次如此尴尬。而他现在也放言保证要加强篮板球。 比赛结束后，心情郁
8,pretrained,44,体育/100471.txt,体育,体育,0.9937472343444824,True,现场：米勒挂彩激发火箭血性 状元打三分保住领先,新浪体育讯 北京时间11月20日消息，火箭今天继续客场之旅，在多伦多面对猛龙。火箭半场43比51落后对手。 下半场，主力悉数上阵。但是火箭仍旧在凭借罚球得分。不过斯科拉率先开火，上篮得手之后，马丁
8,pretrained,44,体育/100585.txt,体育,体育,0.9474510550498962,True,奇才悍将：让全明星赛一边去 我今晚真是打兴奋了,新浪体育讯 北京时间11月24日(华盛顿时间23日)华盛顿奇才队主场迎战费城76人。上一次遇到对手时，两队就打进了加时，今天更是将比赛的悬念延展到第53分钟。最终，奇才评价尼克-杨的三分球，以两分的优
8,pretrained,44,体育/100681.txt,体育,体育,0.9304933547973633,True,怪异!14.5秒科比两次绝杀不投 输球他仍能欣慰一笑,当时爵士领先2分，科比持球，按上赛季大伙习惯了的剧情，这该是“绝杀时刻”。可这次的版本却180度转变，飞侠连续两次都没有选择自己进攻，而是传球给了阿泰。第一次，阿泰底角运了一步但空位半截篮弹筐而出；第
8,pretrained,44,体育/100739.txt,体育,体育,0.7920317649841309,True,斯科特抱怨裁判被罚3万5 骑士主帅过嘴瘾钱包遭殃,新浪体育讯 北京时间11月29日消息，据美联社报道，联盟的执行副总裁斯图-杰克逊宣布，骑士主帅拜伦-斯科特因为公开指责裁判判罚不公而被罚款35000美元。 两天前骑士100-111不敌魔术，赛后斯
8,pretrained,44,体育/100794.txt,体育,体育,0.9950986504554749,True,调查-火箭客场完败于小牛 您如何评价他们的表现？,新浪体育讯 北京时间11月30日，得州内战，火箭在客场以91-101不敌小牛。 火箭(5-12)技不如人，早早缴械投降。凯文-马丁17分，路易斯-斯科拉15分5个篮板，替补出场的布拉德-米勒11分
8,pretrained,44,体育/101091.txt,体育,体育,0.9797565937042236,True,费舍尔绝杀差一点就被帽 禅师没有他俩我们赢不了,新浪体育讯 北京时间12月9日消息，比赛时间越来越少，德里克-费舍尔控球，这位36岁的老将没有像季后赛那样选择在外线投篮，他做了一个不同的抉择，他用突破抛投命中压哨球，这让洛杉矶湖人队以87比86险胜
8,pretrained,44,体育/101113.txt,体育,体育,0.9125739336013794,True,疯狂专家谋划4队10人交易 火箭同时引进波什埃利斯,新浪体育讯 随着火箭强势反弹，火箭的各类新闻、流言也度过了平淡期，磨刀霍霍的杀了出来。一时间，各种交易线索交织在一起，煞是好看。其中《94red》的专职作者韦恩无疑是最疯狂的一位，他为火箭设计的交易计
8,pretrained,44,体育/101115.txt,体育,体育,0.8548734188079834,True,阿联直言打先发很淡定 湖人赛后经纪人找他谈合同,驻洛杉矶记者段冉12月8日报道 北京时间12月8日，斯台普斯中心的门前又呈现出赛季开幕战时的场面，门口早早就聚集了很多当地的中国球迷，那一场做客的是姚明，这一场，来的是阿联。 与湖人一战，由于先
8,pretrained,44,财经/799188.txt,财经,财经,0.8260800242424011,True,凶手持死者银行卡柜台提现 被害者家属状告银行,本报讯 (记者 于杰) 凶手杀人后用死者的银行卡在柜台成功提现6.3万元。凶手被执行死刑后，损失无法追回，被害者家属将凶手提现的农业银行顺义区支行告上法庭。昨天，此案在顺义法院开庭。 2006年7
8,pretrained,44,财经/799234.txt,财经,财经,0.7984871864318848,True,信用卡+工资卡 三招玩转信用卡理财,要玩转“信用卡”，需要“工资卡”的搭配。 首先，让自己的信用卡与借记卡挂钩起来，建立关联账户，这是信用卡还款的最佳方式。这主要是因为工资卡挂钩有定期的收入保证，保证了还款的及时性。不过，关联账户还
8,pretrained,44,财经/799258.txt,财经,财经,0.8913198709487915,True,五一刷卡谨防5%超限费 易引发滞纳金等费用,“五一”假期是都市人休息和休闲的好时光。随着假期的缩短，许多人的出游计划变为购物消费。而近年来信用卡成为越来越多成年人的消费首选。不过，如果持卡人不小心刷爆信用卡，很有可能被征收5%的超限费，甚至引发
8,pretrained,44,财经/799288.txt,财经,财经,0.5896345376968384,True,发卡量倒逼服务 招行信用卡艰难转身,本报记者 王芳艳 以信用卡发家的招商银行，在信用卡迅速扩张5年之后，犹如一头体重增长过快的大象，终于感到了前所未有的步履沉重。 到2008年8月，招行的信用卡发卡量飙升到2300万张卡，仅次于
8,pretrained,44,财经/799376.txt,财经,财经,0.9651787877082825,True,少还0.8元利息上千元 不同银行罚息差数万倍,文/表 记者方利平 少还几毛钱，却要按全额计付透支利息！在信用卡刷卡消费中，部分还款逾期却要按全额计息的规则，一直是个容易引起纠纷的话题。今年以来，部分银行将透支利息收取标准由全额计付改为部分计付
8,pretrained,44,财经/799462.txt,财经,财经,0.37194567918777466,True,布局民生 建行业务结构谋变,6月21日到6月27日期间，建行总行机构业务部相关负责人奔赴广东、陕西、重庆等地考察验收“民本通达”试点情况。在总结试点的经验教训后，该方案有望于2个月之内在建行全面推行。 据该方案研发团队主要成
8,pretrained,44,财经/799607.txt,财经,财经,0.8940927386283875,True,信贷趋紧下 银行贷款利率上浮,中小企业在一定程度上受影响，但贷款支持力度有望继续得到保证 沈易安 信贷从紧力度加大的情况下，以存贷差为主要利润来源的商业银行正面临严峻考验。《第一财经日报》近日从多家银行了解到，它们的贷款利
8,pretrained,44,财经/799690.txt,财经,财经,0.8423386812210083,True,银行理财晒中考成绩：仅信托和澳元产品出色,7月，不仅意味着2010年上半年已成为过去时，还标志着又到了银行理财产品晒出自己年中“中考”成绩单、投资者们检查和调整投资决策的时候。近期，国内某知名理财调查研究机构给出了一组数据：据不完全统计，今年
8,pretrained,44,财经/799898.txt,财经,财经,0.6151137948036194,True,银监会就发布商业银行声誉风险管理指引答问,银监会有关部门负责人就发布 《商业银行声誉风险管理指引》答记者问 近日，银监会发布了《商业银行声誉风险管理指引》(以下简称《管理指引》)，银监会有关负责人就相关问题回答了记者的提问。 问：
8,pretrained,44,财经/799959.txt,财经,财经,0.4445461332798004,True,银行职员私改密码致储户被骗28万元,□记者刘昌武韩景玮实习生李宾宾 通讯员张胜利 本报讯 明知朋友要诈骗他人钱财，荥阳市农行一职员还私自篡改储户的银行卡密码，致使储户被骗28万元。昨天，郑州市上街区法院审结一起诈骗案，分文未得的
8,pretrained,44,财经/799960.txt,财经,财经,0.4932268559932709,True,ATM又吐双倍钱 担心后患夫妻还钱要求立字据,记得以前有个人这样拿走十几万 如果当时找不到银行的人就打110 字据写明其他客户所做交易与他们无关 叹“做好事也不容易”出来打工只求安心 本报讯 (记者罗桦琳)按100元吐200元，按
8,pretrained,44,财经/800186.txt,财经,财经,0.8449761867523193,True,招行南京分行首套房贷利率上调至8折,近期关于房贷优惠政策收紧的传言在南京终于有了先例——招商银行南京分行昨天中午下发通知，明确了首套房贷利率优惠由原来的7折上调为8折，在认定上以家庭为单位，但如果首套房贷还清，再贷还是认定为首套房，11
8,pretrained,44,教育/284539.txt,教育,房产,0.44563037157058716,False,美国室友的独到见解：中国人都会功夫(图),那一年我去美国旅游，为了节省住宿费，我没住酒店，在加利福尼亚州的一个小镇上跟几个美国人合租一套公寓。那里在举办中国文化节，举办方在镇里的歌剧院组织了京剧、中国民乐表演，在镇中心广场舞起了狮子，当地电视
8,pretrained,44,教育/284583.txt,教育,教育,0.7427493333816528,True,名师把脉：申请加拿大高额奖学金绝招,当申请奖学金的时候，你通常需要写一封信递交奖学金管理员咨询更多信息，要一张申请表或是简单地介绍一下自己。这是向管理员展示你是最佳候选人的绝好时机。所以在发信前花一些时间仔细斟酌，务必简明，扼要且信息全
8,pretrained,44,教育/284608.txt,教育,教育,0.9563201665878296,True,权威指导：如何面对留学签证中的拒签,留学签证被拒签是会遇到的一个问题，面对拒签，因为没有成功案例，大部分留学机构选择沉默，通常的做法是重新组织材料，再次申请。这样的结果常常是赔了签证费又耽误时间。 分析指出，目前签证还是由各国领事馆
8,pretrained,44,教育/284632.txt,教育,教育,0.2965295612812042,True,亲历：零距离接触纽宾士域省多元文化,据悉，由上海市因私出入境服务中心境外合作方：加拿大KBL顾问集团组织的第26批考察团已于上周末出发前，往加拿大东部的纽宾士域省展开为期10天的商务考察活动。据了解，此次考察团将走访纽宾士域省的代表性城
8,pretrained,44,教育/284829.txt,教育,教育,0.9254438281059265,True,出国留学：走出“高层次”择业之路,谈论留学绕不开就业的话题，因为留学是学子们日后高层次就业的人生路径。就此问题，将在7月10日至11日由本报社区版于上海图书馆举办的大型留学择业咨询会上亮相的沪上四大著名留学机构的老总们是如何看待的？
8,pretrained,44,教育/284956.txt,教育,教育,0.8894867300987244,True,打工族：新西兰推出“工作度假计划”,记者从广东侨谊海外交流服务中心获悉，根据2008年中国和新西兰签署的《中华人民共和国政府和新西兰政府自由贸易协定》，新西兰针对中国年轻人推出了一项“新西兰工作度假计划”。根据协议，新西兰每年将允许10
8,pretrained,44,教育/285067.txt,教育,时政,0.28273096680641174,False,梦想成真：美女海归也有“空姐梦”(组图),本报讯 (记者黄琮 通讯员邵富强、南宣摄影报道)研究人体DNA排列的留学生、专业英语达到八级水平的美女硕士也来报名当空姐！近日南方航空在全国的空姐招募活动火爆异常。南航方面预计，今年空姐招募将成为有史
8,pretrained,44,教育/285246.txt,教育,教育,0.9536883234977722,True,金融风暴催生澳大利亚商业移民热潮,项目简介 此类别主要是指申请人以自己的专业技能为基础，同时获得指定地区州政府或亲属担保的技术移民。此类签证要求申请人必须要符合澳洲技术移民的基本要求并具备澳大利亚技术职业列表(SOL)中对应职业的
8,pretrained,44,教育/285369.txt,教育,游戏,0.5253180265426636,False,特别策划：爆笑连连的出国故事猜猜看,刚刚出国时想必哥们儿姐们儿都因为英文不好跟老外过招时发生过搞笑的故事吧？只有想不到，没有做不到。新浪出国为您收集了14则爆笑的故事，和大家一起分享，让我们共同回忆在国外那些懵懂、青涩但难忘的岁月。
8,pretrained,44,教育/285374.txt,教育,教育,0.884442925453186,True,《泰晤士报》2010年大学排行榜出炉,名校排行 继《卫报》推出2010年英国大学排名之后，英国《泰晤士报》近日也公布了该报新一年度的大学排名。和往年一样，牛津和剑桥两所老牌名校的仍然占据了综合排名的第一和第二头两把交椅，但今年的专业排
8,pretrained,44,教育/285591.txt,教育,教育,0.8734503388404846,True,最新动态：赴美签证将准备“提速”,晨报讯 据透露，旨在提速中国公民办理赴美签证的新政策目前正在酝酿之中，新政出台后，中国学生办理赴美留学的速度将更快、名校选择更多、获取奖学金的机会也更大。 北京因私出入境行业协会秘书长、鲲鹏国际总
8,pretrained,44,教育/285593.txt,教育,游戏,0.5634958744049072,False,留学生：晒晒我在耶鲁创办的杂志(组图),在耶鲁大学，学生们很乐忠于创办各种杂志期刊。每学期，都会有2到4本新杂志创刊，但可惜大都以失败而告终。我似乎总是对自己写杂志有浓厚的兴趣，由于当年gap year的时候，我已经有过一些编写杂志的经历，
8,pretrained,44,娱乐/131610.txt,娱乐,时政,0.7059059143066406,False,国家开发银行原副行长王益受贿一审被判死缓,新华网北京4月15日电(记者陈菲) 北京市第一中级人民法院15日上午对国家开发银行原副行长王益作出一审判决，认定王益犯受贿罪，判处死刑，缓期二年执行，剥夺政治权利终身，没收个人全部财产。 北京市第
8,pretrained,44,娱乐/131740.txt,娱乐,科技,0.2873234152793884,False,新周刊：陆川解读南京--生死之城生死之问(图),南京大屠杀，是72年前的事。 侵华日军在1937年12月13日之后长达数月的屠杀，超过30万中国人成为冤魂。 在当代中国人的记忆里，没有什么比它更沉重。 忘记历史就意味着背叛——那么，我们
8,pretrained,44,娱乐/131759.txt,娱乐,娱乐,0.848778486251831,True,实录：《爱有来生》主创专访 段奕宏曝女友身份,新浪娱乐讯 演员俞飞鸿转型导演的电影处女作《爱有来生》即将于8月26日公映。本片是国内第一部为中国的七夕情人节量身订做的电影，也成为了今年暑期档电影票房争夺战中最后压轴上映的影片。而8月14日，影片导
8,pretrained,44,娱乐/131805.txt,娱乐,娱乐,0.6627938747406006,True,精品购物指南：2011翻拍之春抑或榨干之冬(图),撰文/杜晋华 王子烨 白郁虹 吕佳 编辑/王子烨 看看2011的片单，翻拍，又见翻拍——“经典”中寻宝、各路热门改编、直接走进“2.0”时代。一个聂小倩、两队杨家将、两位杨子荣、三个李小龙、三桌鸿
8,pretrained,44,娱乐/131865.txt,娱乐,娱乐,0.8530367016792297,True,陈木胜新片翻拍《一线生机》 大S古天乐出演,本报讯 （记者杨林）如果有一天你的手机接到陌生女子电话，要你帮之奔忙并营救她于水深火热，你会怎么办？最近古天乐()就遇到这样的麻烦事。翻拍自好莱坞制作《一线生机》的《保持通话》近日在香港开机，男主角是
8,pretrained,44,娱乐/131933.txt,娱乐,娱乐,0.9808855056762695,True,《证人》杀青谢霆锋攀爬竹梯不畏惧(组图),视频：谢霆锋张家辉张静初主演《证人》杀青 新浪娱乐讯 谢霆锋( 听歌)、张家辉(听歌 blog)、张静初( blog)等终于结束了新片《证人》最后一场戏的拍摄，正式宣告杀青。 当问到有了家庭
8,pretrained,44,娱乐/132127.txt,娱乐,娱乐,0.7784120440483093,True,《筑梦2008》代表中国内地“申奥”(图),新浪娱乐讯 代表中国内地角逐第81届奥斯卡()最佳外语片的影片已经敲定为奥运题材影片《筑梦2008》。今年传统大片都纷纷放弃“申奥”，《筑梦2008》在与《隐形的翅膀》、《一个人的奥林匹克》等“小片”
8,pretrained,44,娱乐/132192.txt,娱乐,娱乐,0.9488295912742615,True,王晶易稿打动刘德华 耗资过亿打造《未来警探》,新浪娱乐讯 据台湾媒体报道，台湾学者电影公司老板蔡松林已确认投拍王晶()编导的新戏《未来警察》。该片阵容强大，投资达6亿台币(1.5亿人民币)，除请来奥运会开幕式空中特技总设计也是香港最知名武指之一的
8,pretrained,44,娱乐/132421.txt,娱乐,娱乐,0.933799147605896,True,魏德圣失落奖项不遗憾 新片与李安吴宇森合作,新浪娱乐讯 热爆电影《海角七号》导演魏德圣虽然在6日金马奖颁奖礼上失落最佳导演及最佳剧情片奖，却赢得更难能可贵的两个“导演”奖。他前晚在《海》片派对上，获李安赏脸出席，他说：“我很满足，对手是大制作，
8,pretrained,44,娱乐/132573.txt,娱乐,娱乐,0.8322911858558655,True,吴宇森回应《赤壁》争议：其实，你不懂我的心,拍一次三国，发一次思古之豪情，这是众多电影人梦寐以求的事情。昨日下午，终于圆梦的吴宇森满脸喜气地携夫人牛春龙(blog)，主创张山、小宋佳以及主题曲演唱者四川姑娘阿兰亮相武侯祠，为新上映的《赤壁(下)
8,pretrained,44,娱乐/132743.txt,娱乐,娱乐,0.9632654190063477,True,第三届亚洲电影大奖蒋雯丽周迅赵薇争影后,荆楚网消息 (楚天都市报) 前日，第三届亚洲电影大奖公布提名名单，中国的《梅兰芳》、《赤壁》，日本的《悬崖上的金鱼姬》获得最佳影片提名，成为该奖项最有力竞争者。 冯小刚、吴宇森分别凭《非诚勿扰》
8,pretrained,44,娱乐/132751.txt,娱乐,娱乐,0.949753999710083,True,《杜拉拉升职记》6月开拍 徐静蕾香港选景(图),新浪娱乐讯 由尔冬升执导，成龙、徐静蕾、吴彦祖、范冰冰主演的电影《新宿事件》于今天亮相香港国际电影节。之前有传闻她将执导拍摄电影版《杜拉拉升职记》也得到了徐静蕾本人的印证。徐静蕾透露，新片可能将在6月
8,pretrained,44,科技/481801.txt,科技,科技,0.4122466444969177,True,未来十大最具特色摩天大楼(组图),新浪科技讯 北京时间9月22日消息，据美国《大众机械》杂志报道，提起摩天大楼，人们自然而然会想到迪拜。这是因为迪拜塔在这个月成为世界上最高的建筑，尽管直到现在仍未竣工。 迪拜是世界建筑上的一个传奇
8,pretrained,44,科技/482102.txt,科技,科技,0.3956100344657898,True,英国明年将推三维立体电视节目(组图),拍摄三维立体画面使用的两台摄像机 英国广播公司播出的苏格兰队在六国橄榄球锦标赛中击败英格兰队比赛的三维立体节目画面 新浪科技讯 北京时间12月19日消息，据英国《每日邮报》报道，英国天空电视台
8,pretrained,44,科技/482208.txt,科技,教育,0.4864668846130371,False,英美科学家联合研发新型增强记忆力药物,新浪科技讯 北京时间1月20日消息，据英国《泰晤士报》报道，英国和美国医药公司正在研发一系列具有可提高记忆力的潜能的药物，它们声称，不久后人们就可以利用这种药物在工作或者考试中取得更好的成绩。 虽
8,pretrained,44,科技/482213.txt,科技,科技,0.34084463119506836,True,南极探秘之旅抵达蓬塔 夏天感受刺骨寒流(图),蓬塔惟一的中国餐馆彩虹餐厅，专做南极游客生意 南极探秘之旅抵达“南极前哨”蓬塔，在南半球夏天感受刺骨寒流 蓬塔：离祖国最远 离南极最近 本报讯 在西班牙语中，“蓬塔”是“顶端”的意思，蓬塔
8,pretrained,44,科技/482274.txt,科技,科技,0.887159526348114,True,美再度推迟发现号航天飞机发射,新华网华盛顿2月7日电（记者任海军）美国宇航局7日发布消息说，由于需要更多时间对“发现”号航天飞机的飞行控制阀进行安全评估，“发现”号的发射日期将继续推迟。 美宇航局说，目前“发现”号最早可能于2
8,pretrained,44,科技/482388.txt,科技,科技,0.9156067967414856,True,英国科学家征集鬼照欲解灵异现象(组图),古城堡孩子在火炮前玩耍，前面出现一个透明的“无头军人” 美国一地下室内出现的所谓“幽灵鬼怪” 女生合影中，在大腿之中出现了神秘的小孩面孔 一个奇异的“鬼怪”出现在土耳其安卡拉的一个建筑物上 这
8,pretrained,44,科技/482422.txt,科技,科技,0.7526178956031799,True,马来西亚世界首家猩猩育婴院探秘(图),马来西亚猩猩育婴院里的猩猩享人类待遇、憨态可掬 位于马来西亚丛林的武吉美拉湖自然风景区里有一家新生儿看护医院，但是这里看护的对象不是人类的小宝宝，而是红毛猩猩的幼崽，它是世界上唯一的红毛猩猩育婴医
8,pretrained,44,科技/482471.txt,科技,科技,0.8477322459220886,True,3500年前埃及女法老香水有望重现人世(图),埃及女王哈特舍普苏特的木乃伊 埃及女王的金属罐 这名强悍的埃及女王对埃及的统治从公元前约1479年开始，统治时间长达20多年。最近，德国波恩大学埃及博物馆的研究人员对这位著名女王的一个金属罐进
8,pretrained,44,科技/482563.txt,科技,科技,0.5487368702888489,True,荷兰调查发现适量饮葡萄酒有助男性益寿,新华网北京5月3日电 荷兰研究者的一项调查显示，每天适量喝葡萄酒有助于男性保健益寿。这一结果可能与葡萄酒有助降低患心脏病的风险有关。 荷兰瓦赫宁恩大学的研究人员根据当地的医疗档案，选择了1373名
8,pretrained,44,科技/482742.txt,科技,科技,0.4349224269390106,True,美科学家苦心研制时间机器为见去世父亲(图),新浪科技讯 北京时间6月25日消息 据美国广播公司报道，对一些人来说，时间旅行的想法就是白日做梦；然而对另一些人来说，时间旅行属于科学范畴。但是对美国物理学家罗纳德·马利特(Ronald Mallet
8,pretrained,44,科技/482816.txt,科技,科技,0.930715024471283,True,日本科学家发现人体能发出可见光(图),人体发光 新浪科技讯 北京时间7月23日消息，据美国生活科学网报道，科学家发现，人体会发光，可以发出一种微弱的可见光，光的强度在一天内起伏波动。 之前的研究已经发现，身体会发光，只是比我们肉眼
8,pretrained,44,科技/482864.txt,科技,科技,0.48733121156692505,True,美国小猎犬过26岁生日成最长寿的狗(组图),新浪科技讯 北京时间8月11日消息 据英国《每日邮报》报道，9日，美国路易斯安那州杂种小猎犬“马克斯”迎来自己的26岁生日，就此成为“世界上最长寿狗”这一头衔的有力争夺者。 如果按狗龄计算的话，现
8,pretrained,44,房产/264441.txt,房产,房产,0.9242619872093201,True,四方桥公园地产华瀚国际现房直降98折(图),3、华瀚国际 (论坛 相册 户型 样板间 地图搜索) 推荐理由：四方区域地标、四座公园环抱 华瀚国际目前仅剩一套南向72平米一居，总价185万。其余在售户型还有220-280平米大户型，均价2
8,pretrained,44,房产/264447.txt,房产,房产,0.9664885997772217,True,大宁山庄3期新房源均价9200元,10、大宁山庄 (论坛 相册 户型 样板间 地图搜索) 图为大宁山庄项目实景图 大宁山庄三期2009年10月底开盘销售。 三期为6层低密度花园洋房，1梯2户，目前在售户型面积仅剩三居145平方米，
8,pretrained,44,房产/264595.txt,房产,房产,0.740633487701416,True,埃及多方出击应对住房危机,过去，埃及的城镇住房以独门独院的平房为主，富裕的人家盖两层小楼。上世纪七十年代以来城市人口剧增，仅开罗市就有1500万人，占全国人口的四分之一，城市问题越来越严重，其中最突出的就是住房危机。埃及政府采
8,pretrained,44,房产/264650.txt,房产,房产,0.8492348194122314,True,物业管理合同签订注意事项,主持人：刚才你也谈到，在物业管理的过程中，物业公司和业主一定要依据合同办事。我们再来谈一下关于和物业公司签合同的情况，国良作为一个过来的业主，在签物业管理合同时要注意什么呢？ 相国良：其实主持人问
8,pretrained,44,房产/264749.txt,房产,房产,0.8005281090736389,True,东亚新华：客户积累是企业生存的保障,韩磊：所以我们花了很长时间去谈，谈完以后我们做了一个服务手册，上面都有明示。我们也为业主做了一个VIP卡，你只要出示这个VIP卡就可以享受到优惠。 第二，普发银行也找到我们，他们也找我们进行合作。
8,pretrained,44,房产/264755.txt,房产,房产,0.8734018206596375,True,预告：26日陈艳萍讲述保利垄上的热销精神,"进入09年之后，保利地产(企业专区,旗下楼盘)在全国各地的销售形势均十分良好，市场份额不断攀升。据不完全统计，2009年3月，保利地产在所进驻城市的市场份额与2008年同期均大幅上升。其中，一线城市市"
8,pretrained,44,房产/265243.txt,房产,房产,0.7117791175842285,True,高居欠税榜表明房企很差钱,本报讯 (记者鲁欢)近日，北京、广州两地地税局都公布了最新欠税公告，欠税大户多是房地产开发企业，北京9家欠税大户，房企占了7家，广州10家欠税大户，房企占了9家。业内人士认为，房企频现欠税榜，是从去年
8,pretrained,44,房产/265415.txt,房产,房产,0.58684241771698,True,超级大盘股中国建筑获IPO批文 拟募资426亿,作者 申屠青南 中证网讯 中国建筑的保荐机构10日向中国证券报记者证实，中国建筑已在10日获得IPO批文，并将在13日刊登《招股说明书》启动发行工作。中国建筑是IPO重启后，第六家获得IPO批文的
8,pretrained,44,房产/265436.txt,房产,财经,0.5783823728561401,False,碧桂园销售数据打架 半年88亿遭质疑,"作者：武瑾莹 碧桂园(企业专区,旗下楼盘)本月的公司通讯原计划是在下周才对外发布，但在今日就提前发布似乎是为了回应近日对其销售状况的有关质疑。 7月15日，碧桂园发布了最新的公司通讯，据碧桂园"
8,pretrained,44,房产/265449.txt,房产,财经,0.5417024493217468,False,中报揭示贫富分化 楼市回暖捧红四大天王业绩,在过去一年，中国楼市经历了从持续观望到交易火爆的“过山车”式反转，也让本来硝烟弥漫的房地产业竞争愈发激烈。房地产上市公司中报预报显示，以“招(商)、保(利)、万(科)、金(地)”为龙头的房地产“四大天
8,pretrained,44,房产/265497.txt,房产,房产,0.8153750896453857,True,雅居乐一年时间仅拿一块地,"每经实习记者 朱玲 发自广州 楼市向好，各家开发商都在积极囤地之际，“华南五虎”之一的雅居乐地产(企业专区,旗下楼盘)却是不慌不忙。从去年7月到今年7月一年的时间，仅仅拿下广东佛山南海区一幅地块，"
8,pretrained,44,房产/265599.txt,房产,财经,0.4883945882320404,False,地产股不差钱 万科获建行授信500亿,每经记者 李文艺 发自成都 今日，房地产龙头企业万科A(000002，SZ)发布公告称，已与建设银行签署了 《战略合作协议》，建设银行将向公司提供授信额度500亿元人民币。据了解，这是继2007年
8,pretrained,44,游戏/406490.txt,游戏,游戏,0.9858716726303101,True,《反恐行动OL》电子竞技大赛周赛战报,【富贵兵团】 80084 58569 66562 73380 神秘 73050 54806 60680 59560 [狼族] 58037 40011 53319 52865 羲战队 45918
8,pretrained,44,游戏/406677.txt,游戏,游戏,0.7865277528762817,True,820寻找强援 全新EHOME将成型,在确认了Burning和KingJ离队之后，EHOME俱乐部经理71以及战队队长820立刻连夜开始寻找替代他们的选手的行动中，到现在，尚未有官方新闻爆出。不过在小编与相关人士的交谈中，对方表示全新EH
8,pretrained,44,游戏/407056.txt,游戏,体育,0.7088251709938049,False,台湾电竞 S&K联赛报道第21场战况报道,【台湾电竞联盟台湾游戏网专稿】 SF“特种部队”项目，本场比赛交战地图是“阿富汗”，由于地图狭小，2队都摆出了“5步枪”的阵形，先攻的曜越太阳神，在“闷骚步枪手”Hydra(周仕杰)开局的1打2领
8,pretrained,44,游戏/407140.txt,游戏,财经,0.5134910941123962,False,摩根士坦利：完美时空股价被低估建议增持,新浪科技讯 北京时间5月19日早间消息，据国外媒体报道，摩根士丹利今天发表报告称，《神鬼传奇》和《诛仙》将推动完美时空业绩继续增长，并认为其现时股价被低估，对其股票评级为“增持”(Overweight
8,pretrained,44,游戏/407162.txt,游戏,游戏,0.97408127784729,True,红楼梦、新绝之鱼戏江湖开始网上预购,"娱乐通研发，游戏天堂发行,最新加入“王牌vs王牌”系列产品《红楼梦》《新绝代双骄之鱼戏江湖篇》简体中文版即将在2009年新年1月上市！ 这两款最后加入“王牌VS王牌”系列的产品现已在寰宇之星网上商"
8,pretrained,44,游戏/407222.txt,游戏,游戏,0.9253227710723877,True,《科林麦克雷：尘埃2》今年9月发售,开发商Codemasters于旧金山游戏日“San Francisco Gamers Day”公布了旗下越野竞速大作《科林麦克雷拉力赛之尘埃2(Colin McRae: DiRT 2)》的发售日期，该
8,pretrained,44,游戏/407249.txt,游戏,游戏,0.9199829697608948,True,格斗游戏《奇诺冲突》Steam预售开始,这款名字很奇怪的游戏《奇诺冲突》(Zeno Clash)应该没有多少玩家听说过，这是一款由ACE Team开发的动作格斗游戏，而ACE Team也是业界新兵，本作是ACE Team的首部游戏。 由
8,pretrained,44,游戏/407254.txt,游戏,游戏,0.8606523871421814,True,虚幻引擎3动作游戏《黑光》新作公布,曾经开发过多款大受好评电脑军事游戏的美国Zombie Studios公司，日前宣布与福克斯电影合作，将会进行一项跨平台的游戏开发计划，两家公司将会合作开发一款科幻战争动作游戏《黑光》(Blacklig
8,pretrained,44,游戏/407401.txt,游戏,游戏,0.8794789910316467,True,EA红杉海岸工作室更名 专注动作游戏,EA公司今天宣布了一项关于旗下工作室的消息，EA的红杉海岸工作室(EA Redwood Shores Studio)现在更名为Visceral Games。 “Visceral”这个词的意思是“内
8,pretrained,44,游戏/407431.txt,游戏,游戏,0.5373480916023254,True,《街头霸王4》美版白送游戏专用手把,CAPCOM最近宣布，他们全球热卖破200万套的格斗超大作《街头霸王4》将会在7月2日推出PC版本，北美区预计7月7日推出，而且同捆一支由美国Mad Catz公司推出的专用格斗手把，虽然多了手把但售价
8,pretrained,44,游戏/407489.txt,游戏,游戏,0.5049421191215515,True,植物逆袭！环境危机《地球不再》公布,芬兰游戏公司Recoil Games日前表示，原本开发《永远的毁灭公爵》的美国3D Realms公司在前一阵宣布倒闭，不过他们在2007年接受委托开发的新射击游戏《地球不再》(Earth No Mor
8,pretrained,44,游戏/407519.txt,游戏,游戏,0.9687838554382324,True,老式机动车赛车游戏《火焰爆发》公布,Black Inc.宣布将发行一款越野赛车游戏《火焰爆发》(Fireburst)，本作由exDream负责开发，采用虚幻引擎3开发。 本作是一款非常规的赛车游戏，游戏的赛道都设定在贫瘠的沙石地上，
8,pretrained,44,时政/339771.txt,时政,时政,0.81195467710495,True,美军F-15E战机在阿富汗坠毁2人死亡(图),新华网喀布尔7月18日电 驻阿富汗美军18日说，美军一架F－15E战斗机当天在阿富汗东部坠毁，造成两名机组人员死亡。 美军发表声明说，这架飞机当天凌晨在阿富汗东部执行作战任务时坠毁，但“并非被地面
8,pretrained,44,时政/339791.txt,时政,时政,0.46139585971832275,True,美国拟开发出口型F-22隐形战机销售给日本(图),人民网9月12日讯 美国会参议院拨款委员会近日通过决议，敦促美空军投资研发“出口型”F-22“猛禽”隐身战机，以便满足日本、以色列和澳大利亚等盟友装备这种战机的“迫切需求”。此前，美国会参众两院曾通过
8,pretrained,44,时政/340097.txt,时政,时政,0.5635946393013,True,陈水扁当局任内债台高筑,人民网7月30日电 台“审计部”二零零七年度“中央”总决算审核报告昨天出炉，报告指出，当局债务逐年攀升，一年以上债务余额从二零零二年底的二兆八三一七亿元，遽增到二零零七年底的三兆六一四四亿余元，仅利息
8,pretrained,44,时政/340103.txt,时政,时政,0.9065234661102295,True,台湾水利官员涉嫌接受性招待被起诉,【新民网讯】台湾检察机关近日查出，当局水利部门官员涉嫌接受厂商性招待、喝花酒、违法更改设计、追加预算图利承包商，7月30日检方将许哲彦等六名官商依贪污罪起诉，检察官痛批“根本就是豆腐渣工程！” 来
8,pretrained,44,时政/340147.txt,时政,时政,0.3651089370250702,True,黄华麒出任香港广播处长,中新网8月7日电 据香港特区政府网站消息，香港特区政府7日宣布，经进行公开及内部招聘后，现委任黄华麒为广播处长。他将于2008年8月8日履新。 香港公务员事务局局长俞宗怡对黄华麒的任命表示欢迎，她
8,pretrained,44,时政/340201.txt,时政,时政,0.6374721527099609,True,澳门立会签署特首选举法审议意见书,中新网8月18日电 据澳门日报报道，澳门立法会第二常设委员会日前签署了《行政长官选举法》法案审议意见书。特区政府最后与委员会达共识，修改行文，订明适用例外制度的可能性，明确犯罪未遂仅在某些被视为较严重
8,pretrained,44,时政/340240.txt,时政,时政,0.9049208164215088,True,商务部新三定方案获批 成立反垄断局,新华网北京8月23日电（记者 王优玲）记者23日从商务部获悉，商务部新“三定”方案获国务院批准。根据商务部公布的《商务部主要职责内设机构和人员编制规定》，商务部成立反垄断局，“承担《反垄断法》规定的国
8,pretrained,44,时政/340348.txt,时政,时政,0.8968387842178345,True,江丙坤结束对日本访问返台,中新网8月29日电 国民党副主席江丙坤日前率团前往日本访问，今天搭机返台，他说，此行主要拜会日本各主要政党说明目前的两岸关系，日方也欢迎内定“驻日代表”人选。 据“中央社”报道，江丙坤25日率团前
8,pretrained,44,时政/340490.txt,时政,时政,0.5299068093299866,True,武汉市纪委累计为387名受诬告者澄清问题,本报武汉9月7日电（记者雷宇）“我们决不放过一个腐败分子，也不能让好人受冤枉。”武汉市纪委日前通报，去年以来，该市纪委在加大反腐力度的同时，也为387名受到诬告错告的同志澄清了问题。 去年以来，武
8,pretrained,44,时政/340532.txt,时政,时政,0.3567095994949341,True,审计署：审计涵盖救灾款物接收和发放渠道,新华网北京9月10日专电 9月10日15时，审计署副审计长余效明接受中国政府网专访，就“加强救灾款物发放审计，提高救灾款物使用效率”与网友在线交流。 [网友 友力]汶川地震发生后，社会各界通过各种
8,pretrained,44,时政/340798.txt,时政,时政,0.8747950792312622,True,国务院督查组到河北督促检查婴幼儿奶粉事件,新华网石家庄9月26日电（记者吕国庆）国务院督查组一行8人，26日来到河北省对婴幼儿奶粉事件处置情况进行专项督查。 卫生部副部长刘谦一行8人，当日下午听取了河北省有关人员对婴幼儿奶粉的处置情况的汇
8,pretrained,44,时政/340889.txt,时政,时政,0.8045381307601929,True,农业部部长称将奶站100%纳入监管,中新网10月4日电 中国农业部部长孙政才强调，要不折不扣地完成奶站清理整顿各项任务，10月5日前要完成奶站登记造册，将奶站100%纳入监管范围，规范奶站资质和条件。严厉打击违法添加三聚氰胺等有毒有害物
8,scratch,44,体育/100080.txt,体育,体育,0.12530817091464996,True,现场：阿联助攻帮队友腾飞 奇才半场落后骑士8分,新浪体育讯 第二节，阿联篮下出手，球磕框而出。两队急于进攻随后各出现一次低级失误，骑士率先找到节奏，连续两次进攻得手。 奇才则采用大个球员提到上线接球策应的战术，与沃尔挡拆配合后，阿联接到传球，但
8,scratch,44,体育/100169.txt,体育,体育,0.12553435564041138,True,现场：皇帝吃火锅头箍被打掉 斯隆不满吃技术犯规,第三节比赛开始，爵士终于有所起色，内线的杰弗森和米尔萨普率先发威，各自拿下两分，此后，德隆接管比赛，先是一记中投命中，然后助攻米尔萨普上篮得分。比赛进行到还剩8分47秒，詹姆斯投篮不中，波什抢下前场篮
8,scratch,44,体育/100243.txt,体育,体育,0.12545542418956757,True,勒夫31分31板轰跑尼克斯 纳什发飙太阳主场灭国王,新浪体育讯 北京时间11月13日，森林狼大将凯文-勒夫发飙，砍下31分31个篮板，森林狼击败尼克斯，取得二连胜；小牛在主场击退76人；太阳在主场拿下国王。以下是这三场比赛的综述： 尼克斯103-森
8,scratch,44,体育/100269.txt,体育,体育,0.12583591043949127,True,勒夫31篮板表现刺激阿联队友 麦基发微博誓言爆发,新浪体育讯 北京时间11月14日消息，据《华盛顿邮报》报道，奇才中锋贾维尔-麦基昨天的比赛里只抢到了两个篮板球，这已经是他本赛季第二次如此尴尬。而他现在也放言保证要加强篮板球。 比赛结束后，心情郁
8,scratch,44,体育/100471.txt,体育,体育,0.12562918663024902,True,现场：米勒挂彩激发火箭血性 状元打三分保住领先,新浪体育讯 北京时间11月20日消息，火箭今天继续客场之旅，在多伦多面对猛龙。火箭半场43比51落后对手。 下半场，主力悉数上阵。但是火箭仍旧在凭借罚球得分。不过斯科拉率先开火，上篮得手之后，马丁
8,scratch,44,体育/100585.txt,体育,体育,0.1257905215024948,True,奇才悍将：让全明星赛一边去 我今晚真是打兴奋了,新浪体育讯 北京时间11月24日(华盛顿时间23日)华盛顿奇才队主场迎战费城76人。上一次遇到对手时，两队就打进了加时，今天更是将比赛的悬念延展到第53分钟。最终，奇才评价尼克-杨的三分球，以两分的优
8,scratch,44,体育/100681.txt,体育,体育,0.12568113207817078,True,怪异!14.5秒科比两次绝杀不投 输球他仍能欣慰一笑,当时爵士领先2分，科比持球，按上赛季大伙习惯了的剧情，这该是“绝杀时刻”。可这次的版本却180度转变，飞侠连续两次都没有选择自己进攻，而是传球给了阿泰。第一次，阿泰底角运了一步但空位半截篮弹筐而出；第
8,scratch,44,体育/100739.txt,体育,体育,0.12563058733940125,True,斯科特抱怨裁判被罚3万5 骑士主帅过嘴瘾钱包遭殃,新浪体育讯 北京时间11月29日消息，据美联社报道，联盟的执行副总裁斯图-杰克逊宣布，骑士主帅拜伦-斯科特因为公开指责裁判判罚不公而被罚款35000美元。 两天前骑士100-111不敌魔术，赛后斯
8,scratch,44,体育/100794.txt,体育,体育,0.1255999207496643,True,调查-火箭客场完败于小牛 您如何评价他们的表现？,新浪体育讯 北京时间11月30日，得州内战，火箭在客场以91-101不敌小牛。 火箭(5-12)技不如人，早早缴械投降。凯文-马丁17分，路易斯-斯科拉15分5个篮板，替补出场的布拉德-米勒11分
8,scratch,44,体育/101091.txt,体育,体育,0.1257554441690445,True,费舍尔绝杀差一点就被帽 禅师没有他俩我们赢不了,新浪体育讯 北京时间12月9日消息，比赛时间越来越少，德里克-费舍尔控球，这位36岁的老将没有像季后赛那样选择在外线投篮，他做了一个不同的抉择，他用突破抛投命中压哨球，这让洛杉矶湖人队以87比86险胜
8,scratch,44,体育/101113.txt,体育,体育,0.12561044096946716,True,疯狂专家谋划4队10人交易 火箭同时引进波什埃利斯,新浪体育讯 随着火箭强势反弹，火箭的各类新闻、流言也度过了平淡期，磨刀霍霍的杀了出来。一时间，各种交易线索交织在一起，煞是好看。其中《94red》的专职作者韦恩无疑是最疯狂的一位，他为火箭设计的交易计
8,scratch,44,体育/101115.txt,体育,体育,0.12568320333957672,True,阿联直言打先发很淡定 湖人赛后经纪人找他谈合同,驻洛杉矶记者段冉12月8日报道 北京时间12月8日，斯台普斯中心的门前又呈现出赛季开幕战时的场面，门口早早就聚集了很多当地的中国球迷，那一场做客的是姚明，这一场，来的是阿联。 与湖人一战，由于先
8,scratch,44,财经/799188.txt,财经,科技,0.1251915991306305,False,凶手持死者银行卡柜台提现 被害者家属状告银行,本报讯 (记者 于杰) 凶手杀人后用死者的银行卡在柜台成功提现6.3万元。凶手被执行死刑后，损失无法追回，被害者家属将凶手提现的农业银行顺义区支行告上法庭。昨天，此案在顺义法院开庭。 2006年7
8,scratch,44,财经/799234.txt,财经,游戏,0.12553253769874573,False,信用卡+工资卡 三招玩转信用卡理财,要玩转“信用卡”，需要“工资卡”的搭配。 首先，让自己的信用卡与借记卡挂钩起来，建立关联账户，这是信用卡还款的最佳方式。这主要是因为工资卡挂钩有定期的收入保证，保证了还款的及时性。不过，关联账户还
8,scratch,44,财经/799258.txt,财经,科技,0.12538345158100128,False,五一刷卡谨防5%超限费 易引发滞纳金等费用,“五一”假期是都市人休息和休闲的好时光。随着假期的缩短，许多人的出游计划变为购物消费。而近年来信用卡成为越来越多成年人的消费首选。不过，如果持卡人不小心刷爆信用卡，很有可能被征收5%的超限费，甚至引发
8,scratch,44,财经/799288.txt,财经,游戏,0.12544409930706024,False,发卡量倒逼服务 招行信用卡艰难转身,本报记者 王芳艳 以信用卡发家的招商银行，在信用卡迅速扩张5年之后，犹如一头体重增长过快的大象，终于感到了前所未有的步履沉重。 到2008年8月，招行的信用卡发卡量飙升到2300万张卡，仅次于
8,scratch,44,财经/799376.txt,财经,科技,0.12530189752578735,False,少还0.8元利息上千元 不同银行罚息差数万倍,文/表 记者方利平 少还几毛钱，却要按全额计付透支利息！在信用卡刷卡消费中，部分还款逾期却要按全额计息的规则，一直是个容易引起纠纷的话题。今年以来，部分银行将透支利息收取标准由全额计付改为部分计付
8,scratch,44,财经/799462.txt,财经,科技,0.1253172606229782,False,布局民生 建行业务结构谋变,6月21日到6月27日期间，建行总行机构业务部相关负责人奔赴广东、陕西、重庆等地考察验收“民本通达”试点情况。在总结试点的经验教训后，该方案有望于2个月之内在建行全面推行。 据该方案研发团队主要成
8,scratch,44,财经/799607.txt,财经,科技,0.12526190280914307,False,信贷趋紧下 银行贷款利率上浮,中小企业在一定程度上受影响，但贷款支持力度有望继续得到保证 沈易安 信贷从紧力度加大的情况下，以存贷差为主要利润来源的商业银行正面临严峻考验。《第一财经日报》近日从多家银行了解到，它们的贷款利
8,scratch,44,财经/799690.txt,财经,科技,0.1253155618906021,False,银行理财晒中考成绩：仅信托和澳元产品出色,7月，不仅意味着2010年上半年已成为过去时，还标志着又到了银行理财产品晒出自己年中“中考”成绩单、投资者们检查和调整投资决策的时候。近期，国内某知名理财调查研究机构给出了一组数据：据不完全统计，今年
8,scratch,44,财经/799898.txt,财经,教育,0.12533250451087952,False,银监会就发布商业银行声誉风险管理指引答问,银监会有关部门负责人就发布 《商业银行声誉风险管理指引》答记者问 近日，银监会发布了《商业银行声誉风险管理指引》(以下简称《管理指引》)，银监会有关负责人就相关问题回答了记者的提问。 问：
8,scratch,44,财经/799959.txt,财经,科技,0.125144362449646,False,银行职员私改密码致储户被骗28万元,□记者刘昌武韩景玮实习生李宾宾 通讯员张胜利 本报讯 明知朋友要诈骗他人钱财，荥阳市农行一职员还私自篡改储户的银行卡密码，致使储户被骗28万元。昨天，郑州市上街区法院审结一起诈骗案，分文未得的
8,scratch,44,财经/799960.txt,财经,体育,0.12535753846168518,False,ATM又吐双倍钱 担心后患夫妻还钱要求立字据,记得以前有个人这样拿走十几万 如果当时找不到银行的人就打110 字据写明其他客户所做交易与他们无关 叹“做好事也不容易”出来打工只求安心 本报讯 (记者罗桦琳)按100元吐200元，按
8,scratch,44,财经/800186.txt,财经,游戏,0.12527860701084137,False,招行南京分行首套房贷利率上调至8折,近期关于房贷优惠政策收紧的传言在南京终于有了先例——招商银行南京分行昨天中午下发通知，明确了首套房贷利率优惠由原来的7折上调为8折，在认定上以家庭为单位，但如果首套房贷还清，再贷还是认定为首套房，11
8,scratch,44,教育/284539.txt,教育,体育,0.12547935545444489,False,美国室友的独到见解：中国人都会功夫(图),那一年我去美国旅游，为了节省住宿费，我没住酒店，在加利福尼亚州的一个小镇上跟几个美国人合租一套公寓。那里在举办中国文化节，举办方在镇里的歌剧院组织了京剧、中国民乐表演，在镇中心广场舞起了狮子，当地电视
8,scratch,44,教育/284583.txt,教育,游戏,0.12553755939006805,False,名师把脉：申请加拿大高额奖学金绝招,当申请奖学金的时候，你通常需要写一封信递交奖学金管理员咨询更多信息，要一张申请表或是简单地介绍一下自己。这是向管理员展示你是最佳候选人的绝好时机。所以在发信前花一些时间仔细斟酌，务必简明，扼要且信息全
8,scratch,44,教育/284608.txt,教育,游戏,0.12580257654190063,False,权威指导：如何面对留学签证中的拒签,留学签证被拒签是会遇到的一个问题，面对拒签，因为没有成功案例，大部分留学机构选择沉默，通常的做法是重新组织材料，再次申请。这样的结果常常是赔了签证费又耽误时间。 分析指出，目前签证还是由各国领事馆
8,scratch,44,教育/284632.txt,教育,游戏,0.1257123053073883,False,亲历：零距离接触纽宾士域省多元文化,据悉，由上海市因私出入境服务中心境外合作方：加拿大KBL顾问集团组织的第26批考察团已于上周末出发前，往加拿大东部的纽宾士域省展开为期10天的商务考察活动。据了解，此次考察团将走访纽宾士域省的代表性城
8,scratch,44,教育/284829.txt,教育,游戏,0.12555354833602905,False,出国留学：走出“高层次”择业之路,谈论留学绕不开就业的话题，因为留学是学子们日后高层次就业的人生路径。就此问题，将在7月10日至11日由本报社区版于上海图书馆举办的大型留学择业咨询会上亮相的沪上四大著名留学机构的老总们是如何看待的？
8,scratch,44,教育/284956.txt,教育,教育,0.12531818449497223,True,打工族：新西兰推出“工作度假计划”,记者从广东侨谊海外交流服务中心获悉，根据2008年中国和新西兰签署的《中华人民共和国政府和新西兰政府自由贸易协定》，新西兰针对中国年轻人推出了一项“新西兰工作度假计划”。根据协议，新西兰每年将允许10
8,scratch,44,教育/285067.txt,教育,游戏,0.12543967366218567,False,梦想成真：美女海归也有“空姐梦”(组图),本报讯 (记者黄琮 通讯员邵富强、南宣摄影报道)研究人体DNA排列的留学生、专业英语达到八级水平的美女硕士也来报名当空姐！近日南方航空在全国的空姐招募活动火爆异常。南航方面预计，今年空姐招募将成为有史
8,scratch,44,教育/285246.txt,教育,游戏,0.12551996111869812,False,金融风暴催生澳大利亚商业移民热潮,项目简介 此类别主要是指申请人以自己的专业技能为基础，同时获得指定地区州政府或亲属担保的技术移民。此类签证要求申请人必须要符合澳洲技术移民的基本要求并具备澳大利亚技术职业列表(SOL)中对应职业的
8,scratch,44,教育/285369.txt,教育,体育,0.1255858838558197,False,特别策划：爆笑连连的出国故事猜猜看,刚刚出国时想必哥们儿姐们儿都因为英文不好跟老外过招时发生过搞笑的故事吧？只有想不到，没有做不到。新浪出国为您收集了14则爆笑的故事，和大家一起分享，让我们共同回忆在国外那些懵懂、青涩但难忘的岁月。
8,scratch,44,教育/285374.txt,教育,教育,0.12550027668476105,True,《泰晤士报》2010年大学排行榜出炉,名校排行 继《卫报》推出2010年英国大学排名之后，英国《泰晤士报》近日也公布了该报新一年度的大学排名。和往年一样，牛津和剑桥两所老牌名校的仍然占据了综合排名的第一和第二头两把交椅，但今年的专业排
8,scratch,44,教育/285591.txt,教育,游戏,0.12554168701171875,False,最新动态：赴美签证将准备“提速”,晨报讯 据透露，旨在提速中国公民办理赴美签证的新政策目前正在酝酿之中，新政出台后，中国学生办理赴美留学的速度将更快、名校选择更多、获取奖学金的机会也更大。 北京因私出入境行业协会秘书长、鲲鹏国际总
8,scratch,44,教育/285593.txt,教育,游戏,0.1255790889263153,False,留学生：晒晒我在耶鲁创办的杂志(组图),在耶鲁大学，学生们很乐忠于创办各种杂志期刊。每学期，都会有2到4本新杂志创刊，但可惜大都以失败而告终。我似乎总是对自己写杂志有浓厚的兴趣，由于当年gap year的时候，我已经有过一些编写杂志的经历，
8,scratch,44,娱乐/131610.txt,娱乐,时政,0.12509393692016602,False,国家开发银行原副行长王益受贿一审被判死缓,新华网北京4月15日电(记者陈菲) 北京市第一中级人民法院15日上午对国家开发银行原副行长王益作出一审判决，认定王益犯受贿罪，判处死刑，缓期二年执行，剥夺政治权利终身，没收个人全部财产。 北京市第
8,scratch,44,娱乐/131740.txt,娱乐,游戏,0.12573625147342682,False,新周刊：陆川解读南京--生死之城生死之问(图),南京大屠杀，是72年前的事。 侵华日军在1937年12月13日之后长达数月的屠杀，超过30万中国人成为冤魂。 在当代中国人的记忆里，没有什么比它更沉重。 忘记历史就意味着背叛——那么，我们
8,scratch,44,娱乐/131759.txt,娱乐,科技,0.12560057640075684,False,实录：《爱有来生》主创专访 段奕宏曝女友身份,新浪娱乐讯 演员俞飞鸿转型导演的电影处女作《爱有来生》即将于8月26日公映。本片是国内第一部为中国的七夕情人节量身订做的电影，也成为了今年暑期档电影票房争夺战中最后压轴上映的影片。而8月14日，影片导
8,scratch,44,娱乐/131805.txt,娱乐,游戏,0.1256895214319229,False,精品购物指南：2011翻拍之春抑或榨干之冬(图),撰文/杜晋华 王子烨 白郁虹 吕佳 编辑/王子烨 看看2011的片单，翻拍，又见翻拍——“经典”中寻宝、各路热门改编、直接走进“2.0”时代。一个聂小倩、两队杨家将、两位杨子荣、三个李小龙、三桌鸿
8,scratch,44,娱乐/131865.txt,娱乐,科技,0.12539131939411163,False,陈木胜新片翻拍《一线生机》 大S古天乐出演,本报讯 （记者杨林）如果有一天你的手机接到陌生女子电话，要你帮之奔忙并营救她于水深火热，你会怎么办？最近古天乐()就遇到这样的麻烦事。翻拍自好莱坞制作《一线生机》的《保持通话》近日在香港开机，男主角是
8,scratch,44,娱乐/131933.txt,娱乐,体育,0.1253543198108673,False,《证人》杀青谢霆锋攀爬竹梯不畏惧(组图),视频：谢霆锋张家辉张静初主演《证人》杀青 新浪娱乐讯 谢霆锋( 听歌)、张家辉(听歌 blog)、张静初( blog)等终于结束了新片《证人》最后一场戏的拍摄，正式宣告杀青。 当问到有了家庭
8,scratch,44,娱乐/132127.txt,娱乐,科技,0.12544436752796173,False,《筑梦2008》代表中国内地“申奥”(图),新浪娱乐讯 代表中国内地角逐第81届奥斯卡()最佳外语片的影片已经敲定为奥运题材影片《筑梦2008》。今年传统大片都纷纷放弃“申奥”，《筑梦2008》在与《隐形的翅膀》、《一个人的奥林匹克》等“小片”
8,scratch,44,娱乐/132192.txt,娱乐,科技,0.1254086047410965,False,王晶易稿打动刘德华 耗资过亿打造《未来警探》,新浪娱乐讯 据台湾媒体报道，台湾学者电影公司老板蔡松林已确认投拍王晶()编导的新戏《未来警察》。该片阵容强大，投资达6亿台币(1.5亿人民币)，除请来奥运会开幕式空中特技总设计也是香港最知名武指之一的
8,scratch,44,娱乐/132421.txt,娱乐,体育,0.12530748546123505,False,魏德圣失落奖项不遗憾 新片与李安吴宇森合作,新浪娱乐讯 热爆电影《海角七号》导演魏德圣虽然在6日金马奖颁奖礼上失落最佳导演及最佳剧情片奖，却赢得更难能可贵的两个“导演”奖。他前晚在《海》片派对上，获李安赏脸出席，他说：“我很满足，对手是大制作，
8,scratch,44,娱乐/132573.txt,娱乐,科技,0.125512957572937,False,吴宇森回应《赤壁》争议：其实，你不懂我的心,拍一次三国，发一次思古之豪情，这是众多电影人梦寐以求的事情。昨日下午，终于圆梦的吴宇森满脸喜气地携夫人牛春龙(blog)，主创张山、小宋佳以及主题曲演唱者四川姑娘阿兰亮相武侯祠，为新上映的《赤壁(下)
8,scratch,44,娱乐/132743.txt,娱乐,科技,0.12531015276908875,False,第三届亚洲电影大奖蒋雯丽周迅赵薇争影后,荆楚网消息 (楚天都市报) 前日，第三届亚洲电影大奖公布提名名单，中国的《梅兰芳》、《赤壁》，日本的《悬崖上的金鱼姬》获得最佳影片提名，成为该奖项最有力竞争者。 冯小刚、吴宇森分别凭《非诚勿扰》
8,scratch,44,娱乐/132751.txt,娱乐,体育,0.12530414760112762,False,《杜拉拉升职记》6月开拍 徐静蕾香港选景(图),新浪娱乐讯 由尔冬升执导，成龙、徐静蕾、吴彦祖、范冰冰主演的电影《新宿事件》于今天亮相香港国际电影节。之前有传闻她将执导拍摄电影版《杜拉拉升职记》也得到了徐静蕾本人的印证。徐静蕾透露，新片可能将在6月
8,scratch,44,科技/481801.txt,科技,游戏,0.1256798505783081,False,未来十大最具特色摩天大楼(组图),新浪科技讯 北京时间9月22日消息，据美国《大众机械》杂志报道，提起摩天大楼，人们自然而然会想到迪拜。这是因为迪拜塔在这个月成为世界上最高的建筑，尽管直到现在仍未竣工。 迪拜是世界建筑上的一个传奇
8,scratch,44,科技/482102.txt,科技,科技,0.12545618414878845,True,英国明年将推三维立体电视节目(组图),拍摄三维立体画面使用的两台摄像机 英国广播公司播出的苏格兰队在六国橄榄球锦标赛中击败英格兰队比赛的三维立体节目画面 新浪科技讯 北京时间12月19日消息，据英国《每日邮报》报道，英国天空电视台
8,scratch,44,科技/482208.txt,科技,科技,0.12555226683616638,True,英美科学家联合研发新型增强记忆力药物,新浪科技讯 北京时间1月20日消息，据英国《泰晤士报》报道，英国和美国医药公司正在研发一系列具有可提高记忆力的潜能的药物，它们声称，不久后人们就可以利用这种药物在工作或者考试中取得更好的成绩。 虽
8,scratch,44,科技/482213.txt,科技,游戏,0.12558770179748535,False,南极探秘之旅抵达蓬塔 夏天感受刺骨寒流(图),蓬塔惟一的中国餐馆彩虹餐厅，专做南极游客生意 南极探秘之旅抵达“南极前哨”蓬塔，在南半球夏天感受刺骨寒流 蓬塔：离祖国最远 离南极最近 本报讯 在西班牙语中，“蓬塔”是“顶端”的意思，蓬塔
8,scratch,44,科技/482274.txt,科技,科技,0.1252983808517456,True,美再度推迟发现号航天飞机发射,新华网华盛顿2月7日电（记者任海军）美国宇航局7日发布消息说，由于需要更多时间对“发现”号航天飞机的飞行控制阀进行安全评估，“发现”号的发射日期将继续推迟。 美宇航局说，目前“发现”号最早可能于2
8,scratch,44,科技/482388.txt,科技,科技,0.1256617158651352,True,英国科学家征集鬼照欲解灵异现象(组图),古城堡孩子在火炮前玩耍，前面出现一个透明的“无头军人” 美国一地下室内出现的所谓“幽灵鬼怪” 女生合影中，在大腿之中出现了神秘的小孩面孔 一个奇异的“鬼怪”出现在土耳其安卡拉的一个建筑物上 这
8,scratch,44,科技/482422.txt,科技,游戏,0.12560339272022247,False,马来西亚世界首家猩猩育婴院探秘(图),马来西亚猩猩育婴院里的猩猩享人类待遇、憨态可掬 位于马来西亚丛林的武吉美拉湖自然风景区里有一家新生儿看护医院，但是这里看护的对象不是人类的小宝宝，而是红毛猩猩的幼崽，它是世界上唯一的红毛猩猩育婴医
8,scratch,44,科技/482471.txt,科技,科技,0.125571146607399,True,3500年前埃及女法老香水有望重现人世(图),埃及女王哈特舍普苏特的木乃伊 埃及女王的金属罐 这名强悍的埃及女王对埃及的统治从公元前约1479年开始，统治时间长达20多年。最近，德国波恩大学埃及博物馆的研究人员对这位著名女王的一个金属罐进
8,scratch,44,科技/482563.txt,科技,科技,0.12560753524303436,True,荷兰调查发现适量饮葡萄酒有助男性益寿,新华网北京5月3日电 荷兰研究者的一项调查显示，每天适量喝葡萄酒有助于男性保健益寿。这一结果可能与葡萄酒有助降低患心脏病的风险有关。 荷兰瓦赫宁恩大学的研究人员根据当地的医疗档案，选择了1373名
8,scratch,44,科技/482742.txt,科技,体育,0.12564493715763092,False,美科学家苦心研制时间机器为见去世父亲(图),新浪科技讯 北京时间6月25日消息 据美国广播公司报道，对一些人来说，时间旅行的想法就是白日做梦；然而对另一些人来说，时间旅行属于科学范畴。但是对美国物理学家罗纳德·马利特(Ronald Mallet
8,scratch,44,科技/482816.txt,科技,科技,0.12570688128471375,True,日本科学家发现人体能发出可见光(图),人体发光 新浪科技讯 北京时间7月23日消息，据美国生活科学网报道，科学家发现，人体会发光，可以发出一种微弱的可见光，光的强度在一天内起伏波动。 之前的研究已经发现，身体会发光，只是比我们肉眼
8,scratch,44,科技/482864.txt,科技,科技,0.12550362944602966,True,美国小猎犬过26岁生日成最长寿的狗(组图),新浪科技讯 北京时间8月11日消息 据英国《每日邮报》报道，9日，美国路易斯安那州杂种小猎犬“马克斯”迎来自己的26岁生日，就此成为“世界上最长寿狗”这一头衔的有力争夺者。 如果按狗龄计算的话，现
8,scratch,44,房产/264441.txt,房产,教育,0.1250762641429901,False,四方桥公园地产华瀚国际现房直降98折(图),3、华瀚国际 (论坛 相册 户型 样板间 地图搜索) 推荐理由：四方区域地标、四座公园环抱 华瀚国际目前仅剩一套南向72平米一居，总价185万。其余在售户型还有220-280平米大户型，均价2
8,scratch,44,房产/264447.txt,房产,游戏,0.12512603402137756,False,大宁山庄3期新房源均价9200元,10、大宁山庄 (论坛 相册 户型 样板间 地图搜索) 图为大宁山庄项目实景图 大宁山庄三期2009年10月底开盘销售。 三期为6层低密度花园洋房，1梯2户，目前在售户型面积仅剩三居145平方米，
8,scratch,44,房产/264595.txt,房产,游戏,0.12535685300827026,False,埃及多方出击应对住房危机,过去，埃及的城镇住房以独门独院的平房为主，富裕的人家盖两层小楼。上世纪七十年代以来城市人口剧增，仅开罗市就有1500万人，占全国人口的四分之一，城市问题越来越严重，其中最突出的就是住房危机。埃及政府采
8,scratch,44,房产/264650.txt,房产,游戏,0.12563690543174744,False,物业管理合同签订注意事项,主持人：刚才你也谈到，在物业管理的过程中，物业公司和业主一定要依据合同办事。我们再来谈一下关于和物业公司签合同的情况，国良作为一个过来的业主，在签物业管理合同时要注意什么呢？ 相国良：其实主持人问
8,scratch,44,房产/264749.txt,房产,游戏,0.1257142722606659,False,东亚新华：客户积累是企业生存的保障,韩磊：所以我们花了很长时间去谈，谈完以后我们做了一个服务手册，上面都有明示。我们也为业主做了一个VIP卡，你只要出示这个VIP卡就可以享受到优惠。 第二，普发银行也找到我们，他们也找我们进行合作。
8,scratch,44,房产/264755.txt,房产,游戏,0.1251666396856308,False,预告：26日陈艳萍讲述保利垄上的热销精神,"进入09年之后，保利地产(企业专区,旗下楼盘)在全国各地的销售形势均十分良好，市场份额不断攀升。据不完全统计，2009年3月，保利地产在所进驻城市的市场份额与2008年同期均大幅上升。其中，一线城市市"
8,scratch,44,房产/265243.txt,房产,游戏,0.1252135932445526,False,高居欠税榜表明房企很差钱,本报讯 (记者鲁欢)近日，北京、广州两地地税局都公布了最新欠税公告，欠税大户多是房地产开发企业，北京9家欠税大户，房企占了7家，广州10家欠税大户，房企占了9家。业内人士认为，房企频现欠税榜，是从去年
8,scratch,44,房产/265415.txt,房产,游戏,0.12527427077293396,False,超级大盘股中国建筑获IPO批文 拟募资426亿,作者 申屠青南 中证网讯 中国建筑的保荐机构10日向中国证券报记者证实，中国建筑已在10日获得IPO批文，并将在13日刊登《招股说明书》启动发行工作。中国建筑是IPO重启后，第六家获得IPO批文的
8,scratch,44,房产/265436.txt,房产,科技,0.12529493868350983,False,碧桂园销售数据打架 半年88亿遭质疑,"作者：武瑾莹 碧桂园(企业专区,旗下楼盘)本月的公司通讯原计划是在下周才对外发布，但在今日就提前发布似乎是为了回应近日对其销售状况的有关质疑。 7月15日，碧桂园发布了最新的公司通讯，据碧桂园"
8,scratch,44,房产/265449.txt,房产,游戏,0.12533512711524963,False,中报揭示贫富分化 楼市回暖捧红四大天王业绩,在过去一年，中国楼市经历了从持续观望到交易火爆的“过山车”式反转，也让本来硝烟弥漫的房地产业竞争愈发激烈。房地产上市公司中报预报显示，以“招(商)、保(利)、万(科)、金(地)”为龙头的房地产“四大天
8,scratch,44,房产/265497.txt,房产,游戏,0.12529440224170685,False,雅居乐一年时间仅拿一块地,"每经实习记者 朱玲 发自广州 楼市向好，各家开发商都在积极囤地之际，“华南五虎”之一的雅居乐地产(企业专区,旗下楼盘)却是不慌不忙。从去年7月到今年7月一年的时间，仅仅拿下广东佛山南海区一幅地块，"
8,scratch,44,房产/265599.txt,房产,游戏,0.1253090500831604,False,地产股不差钱 万科获建行授信500亿,每经记者 李文艺 发自成都 今日，房地产龙头企业万科A(000002，SZ)发布公告称，已与建设银行签署了 《战略合作协议》，建设银行将向公司提供授信额度500亿元人民币。据了解，这是继2007年
8,scratch,44,游戏/406490.txt,游戏,游戏,0.12561602890491486,True,《反恐行动OL》电子竞技大赛周赛战报,【富贵兵团】 80084 58569 66562 73380 神秘 73050 54806 60680 59560 [狼族] 58037 40011 53319 52865 羲战队 45918
8,scratch,44,游戏/406677.txt,游戏,体育,0.12547804415225983,False,820寻找强援 全新EHOME将成型,在确认了Burning和KingJ离队之后，EHOME俱乐部经理71以及战队队长820立刻连夜开始寻找替代他们的选手的行动中，到现在，尚未有官方新闻爆出。不过在小编与相关人士的交谈中，对方表示全新EH
8,scratch,44,游戏/407056.txt,游戏,游戏,0.125508651137352,True,台湾电竞 S&K联赛报道第21场战况报道,【台湾电竞联盟台湾游戏网专稿】 SF“特种部队”项目，本场比赛交战地图是“阿富汗”，由于地图狭小，2队都摆出了“5步枪”的阵形，先攻的曜越太阳神，在“闷骚步枪手”Hydra(周仕杰)开局的1打2领
8,scratch,44,游戏/407140.txt,游戏,游戏,0.1252066045999527,True,摩根士坦利：完美时空股价被低估建议增持,新浪科技讯 北京时间5月19日早间消息，据国外媒体报道，摩根士丹利今天发表报告称，《神鬼传奇》和《诛仙》将推动完美时空业绩继续增长，并认为其现时股价被低估，对其股票评级为“增持”(Overweight
8,scratch,44,游戏/407162.txt,游戏,游戏,0.1251775324344635,True,红楼梦、新绝之鱼戏江湖开始网上预购,"娱乐通研发，游戏天堂发行,最新加入“王牌vs王牌”系列产品《红楼梦》《新绝代双骄之鱼戏江湖篇》简体中文版即将在2009年新年1月上市！ 这两款最后加入“王牌VS王牌”系列的产品现已在寰宇之星网上商"
8,scratch,44,游戏/407222.txt,游戏,游戏,0.12546052038669586,True,《科林麦克雷：尘埃2》今年9月发售,开发商Codemasters于旧金山游戏日“San Francisco Gamers Day”公布了旗下越野竞速大作《科林麦克雷拉力赛之尘埃2(Colin McRae: DiRT 2)》的发售日期，该
8,scratch,44,游戏/407249.txt,游戏,游戏,0.1257120966911316,True,格斗游戏《奇诺冲突》Steam预售开始,这款名字很奇怪的游戏《奇诺冲突》(Zeno Clash)应该没有多少玩家听说过，这是一款由ACE Team开发的动作格斗游戏，而ACE Team也是业界新兵，本作是ACE Team的首部游戏。 由
8,scratch,44,游戏/407254.txt,游戏,游戏,0.12567852437496185,True,虚幻引擎3动作游戏《黑光》新作公布,曾经开发过多款大受好评电脑军事游戏的美国Zombie Studios公司，日前宣布与福克斯电影合作，将会进行一项跨平台的游戏开发计划，两家公司将会合作开发一款科幻战争动作游戏《黑光》(Blacklig
8,scratch,44,游戏/407401.txt,游戏,游戏,0.12549953162670135,True,EA红杉海岸工作室更名 专注动作游戏,EA公司今天宣布了一项关于旗下工作室的消息，EA的红杉海岸工作室(EA Redwood Shores Studio)现在更名为Visceral Games。 “Visceral”这个词的意思是“内
8,scratch,44,游戏/407431.txt,游戏,游戏,0.1253146231174469,True,《街头霸王4》美版白送游戏专用手把,CAPCOM最近宣布，他们全球热卖破200万套的格斗超大作《街头霸王4》将会在7月2日推出PC版本，北美区预计7月7日推出，而且同捆一支由美国Mad Catz公司推出的专用格斗手把，虽然多了手把但售价
8,scratch,44,游戏/407489.txt,游戏,游戏,0.12557899951934814,True,植物逆袭！环境危机《地球不再》公布,芬兰游戏公司Recoil Games日前表示，原本开发《永远的毁灭公爵》的美国3D Realms公司在前一阵宣布倒闭，不过他们在2007年接受委托开发的新射击游戏《地球不再》(Earth No Mor
8,scratch,44,游戏/407519.txt,游戏,游戏,0.12574194371700287,True,老式机动车赛车游戏《火焰爆发》公布,Black Inc.宣布将发行一款越野赛车游戏《火焰爆发》(Fireburst)，本作由exDream负责开发，采用虚幻引擎3开发。 本作是一款非常规的赛车游戏，游戏的赛道都设定在贫瘠的沙石地上，
8,scratch,44,时政/339771.txt,时政,科技,0.12512901425361633,False,美军F-15E战机在阿富汗坠毁2人死亡(图),新华网喀布尔7月18日电 驻阿富汗美军18日说，美军一架F－15E战斗机当天在阿富汗东部坠毁，造成两名机组人员死亡。 美军发表声明说，这架飞机当天凌晨在阿富汗东部执行作战任务时坠毁，但“并非被地面
8,scratch,44,时政/339791.txt,时政,游戏,0.12538255751132965,False,美国拟开发出口型F-22隐形战机销售给日本(图),人民网9月12日讯 美国会参议院拨款委员会近日通过决议，敦促美空军投资研发“出口型”F-22“猛禽”隐身战机，以便满足日本、以色列和澳大利亚等盟友装备这种战机的“迫切需求”。此前，美国会参众两院曾通过
8,scratch,44,时政/340097.txt,时政,教育,0.12513162195682526,False,陈水扁当局任内债台高筑,人民网7月30日电 台“审计部”二零零七年度“中央”总决算审核报告昨天出炉，报告指出，当局债务逐年攀升，一年以上债务余额从二零零二年底的二兆八三一七亿元，遽增到二零零七年底的三兆六一四四亿余元，仅利息
8,scratch,44,时政/340103.txt,时政,体育,0.1250729113817215,False,台湾水利官员涉嫌接受性招待被起诉,【新民网讯】台湾检察机关近日查出，当局水利部门官员涉嫌接受厂商性招待、喝花酒、违法更改设计、追加预算图利承包商，7月30日检方将许哲彦等六名官商依贪污罪起诉，检察官痛批“根本就是豆腐渣工程！” 来
8,scratch,44,时政/340147.txt,时政,科技,0.12559033930301666,False,黄华麒出任香港广播处长,中新网8月7日电 据香港特区政府网站消息，香港特区政府7日宣布，经进行公开及内部招聘后，现委任黄华麒为广播处长。他将于2008年8月8日履新。 香港公务员事务局局长俞宗怡对黄华麒的任命表示欢迎，她
8,scratch,44,时政/340201.txt,时政,科技,0.12551823258399963,False,澳门立会签署特首选举法审议意见书,中新网8月18日电 据澳门日报报道，澳门立法会第二常设委员会日前签署了《行政长官选举法》法案审议意见书。特区政府最后与委员会达共识，修改行文，订明适用例外制度的可能性，明确犯罪未遂仅在某些被视为较严重
8,scratch,44,时政/340240.txt,时政,教育,0.12525038421154022,False,商务部新三定方案获批 成立反垄断局,新华网北京8月23日电（记者 王优玲）记者23日从商务部获悉，商务部新“三定”方案获国务院批准。根据商务部公布的《商务部主要职责内设机构和人员编制规定》，商务部成立反垄断局，“承担《反垄断法》规定的国
8,scratch,44,时政/340348.txt,时政,科技,0.12531054019927979,False,江丙坤结束对日本访问返台,中新网8月29日电 国民党副主席江丙坤日前率团前往日本访问，今天搭机返台，他说，此行主要拜会日本各主要政党说明目前的两岸关系，日方也欢迎内定“驻日代表”人选。 据“中央社”报道，江丙坤25日率团前
8,scratch,44,时政/340490.txt,时政,游戏,0.12547248601913452,False,武汉市纪委累计为387名受诬告者澄清问题,本报武汉9月7日电（记者雷宇）“我们决不放过一个腐败分子，也不能让好人受冤枉。”武汉市纪委日前通报，去年以来，该市纪委在加大反腐力度的同时，也为387名受到诬告错告的同志澄清了问题。 去年以来，武
8,scratch,44,时政/340532.txt,时政,游戏,0.12543326616287231,False,审计署：审计涵盖救灾款物接收和发放渠道,新华网北京9月10日专电 9月10日15时，审计署副审计长余效明接受中国政府网专访，就“加强救灾款物发放审计，提高救灾款物使用效率”与网友在线交流。 [网友 友力]汶川地震发生后，社会各界通过各种
8,scratch,44,时政/340798.txt,时政,科技,0.1253625899553299,False,国务院督查组到河北督促检查婴幼儿奶粉事件,新华网石家庄9月26日电（记者吕国庆）国务院督查组一行8人，26日来到河北省对婴幼儿奶粉事件处置情况进行专项督查。 卫生部副部长刘谦一行8人，当日下午听取了河北省有关人员对婴幼儿奶粉的处置情况的汇
8,scratch,44,时政/340889.txt,时政,科技,0.12522433698177338,False,农业部部长称将奶站100%纳入监管,中新网10月4日电 中国农业部部长孙政才强调，要不折不扣地完成奶站清理整顿各项任务，10月5日前要完成奶站登记造册，将奶站100%纳入监管范围，规范奶站资质和条件。严厉打击违法添加三聚氰胺等有毒有害物
